absoluteNoise,assessmentIncluded,benchmarkValid,boundary,converged,dataCompatible,dataset,diagnostic_bandsSatisfied,diagnostic_dualResidual,diagnostic_exitflag,diagnostic_feasible,diagnostic_iterations,diagnostic_kkt,diagnostic_limit,diagnostic_primalResidual,diagnostic_targetBracketed,iterations,l2,method,objectiveConverged,objectiveRelativeToFISTA,parameterSelectionValid,relativeNoise,residual,status,truthResidualAuditOnly
0.0,True,1,False,True,1,ds00001,,,,1.0,,,1.067404789619141,,,285,0.23454538401934213,POCS-PSS,True,,1,0.0,1.06590128573712,validated,0.0
0.0,True,1,False,True,1,ds00001,,,,,,,,,,759,0.2426852026234382,Twomey-Markowski,True,,1,0.0,0.9999999999997169,validated,0.0
0.0,True,1,False,True,1,ds00001,,,,,3.0,8.264646462948836e-13,,,1.0,230,0.0848219120478326,Tikhonov,True,,1,0.0,1.0131781045566781,validated,0.0
0.0,True,1,False,True,1,ds00001,,,1.0,,2.0,2.615645111423719e-15,,,,2,0.08482191204769887,Tikhonov-lsqlin,True,1.0426445471219614e-15,1,0.0,1.0131781045766934,validated,0.0
0.0,False,1,False,True,1,ds00001,,,1.0,,,,,,,45,1.3643674240696811e-15,Lognormal-fit,True,,1,0.0,2.9061017936896026e-24,validated,0.0
0.0,True,1,False,True,1,ds00001,,1.997135637951087e-05,,,5800.0,1.155027061063222e-08,,1.4064716974757582e-08,1.0,83073,0.0715482128306225,TGV2-ADMM,True,,1,0.0,0.9912897027227008,validated,0.0
0.0,True,0,False,False,1,ds00001,,0.0015945818495194043,,,26500.0,2.736644415477862e-06,,1.1080697017702332e-06,0.0,65500,0.12409842255165243,TV-2D,False,,0,0.0,0.8068519439171381,iteration/stationarity not certified,0.0
0.0,True,1,False,True,1,ds00001,,,,,2.0,6.014373250474776e-07,,,1.0,131,0.17320046199656497,Maximum Entropy,True,,1,0.0,0.9801401808090552,validated,0.0
0.0,True,0,True,False,0,ds00001,,,0.0,,,0.00014734584481026472,,,,3120,0.049400060103005475,Bayesian GP-MAP,False,,0,0.0,11.622042138458312,iteration/stationarity not certified,0.0
0.0,True,0,False,True,1,ds00001,,,,,7.0,1.993855844777065e-06,,,0.0,1504,0.08835100500696907,Huber-TV,True,,0,0.0,0.003820092058048025,parameter selection not bracketed,0.0
0.0,True,0,False,False,0,ds00001,0.0,,,,,,,,,376,0.39911937731285896,POCS-CDMA,False,,1,0.0,310.1210924325822,iteration/stationarity not certified,0.0
0.0,True,0,False,False,1,ds00002,,,,1.0,,,1.067404789619141,,,3000,1.939000022282948,POCS-PSS,False,,1,0.03,0.6218344515348977,iteration/stationarity not certified,0.907836208384213
0.0,True,0,False,False,0,ds00002,,,,,,,,,,4000,0.9999999997617629,Twomey-Markowski,False,,1,0.03,923.5898521955673,iteration/stationarity not certified,0.907836208384213
0.0,True,0,False,False,1,ds00002,,,,,80.0,4.3254787286322085e-08,,,0.0,564,0.13140583334934028,Tikhonov,False,,0,0.03,0.9703784615537794,iteration/stationarity not certified,0.907836208384213
0.0,True,0,False,False,1,ds00002,,,1.0,,2.0,4.049535495110968e-09,,,,2,0.13140584626197338,Tikhonov-lsqlin,False,-5.476465529513221e-10,0,0.03,0.9703786350089759,iteration/stationarity not certified,0.907836208384213
0.0,False,1,False,True,1,ds00002,,,1.0,,,,,,,93,0.003267324490527097,Lognormal-fit,True,,1,0.03,0.9043632510366802,validated,0.907836208384213
0.0,True,0,True,False,0,ds00002,,4.364952379660964e-05,,,26500.0,2.014406780244839,,1.494056653279938e-09,0.0,51500,0.11969550622507771,TGV2-ADMM,False,,0,0.03,12.27616534195607,iteration/stationarity not certified,0.907836208384213
0.0,True,0,True,False,0,ds00002,,0.004129115107240375,,,26500.0,18.96323446771135,,4.6925349899121133e-07,0.0,51500,0.7224912109287198,TV-2D,False,,0,0.03,1585.2856126911454,iteration/stationarity not certified,0.907836208384213
0.0,True,0,False,True,1,ds00002,,,,,114.0,1.992510766474096e-06,,,0.0,1294,0.3721361388235964,Maximum Entropy,True,,0,0.03,0.6782013591742323,parameter selection not bracketed,0.907836208384213
0.0,True,0,True,False,0,ds00002,,,3.0,,,8.597845445762221e-11,,,,3063,0.9999268711851158,Bayesian GP-MAP,False,,0,0.03,838.7041553442343,iteration/stationarity not certified,0.907836208384213
0.0,True,0,False,False,1,ds00002,,,,,400.0,3.567575261397295e-05,,,0.0,1580,0.29840357573038706,Huber-TV,False,,0,0.03,0.8712748781777437,iteration/stationarity not certified,0.907836208384213
0.0,True,0,False,False,0,ds00002,0.0,,,,,,,,,323,0.48572182602439384,POCS-CDMA,False,,1,0.03,31143157943396.21,iteration/stationarity not certified,0.907836208384213
0.0,True,0,False,False,1,ds00003,,,,1.0,,,1.067404789619141,,,3000,2.8725334886874214,POCS-PSS,False,,1,0.05,0.6657667974151974,iteration/stationarity not certified,0.9231749376581212
0.0,True,0,False,False,0,ds00003,,,,,,,,,,4000,0.9999999999115752,Twomey-Markowski,False,,1,0.05,334.70038939958033,iteration/stationarity not certified,0.9231749376581212
0.0,True,1,False,True,1,ds00003,,,,,47.0,2.1302914765037707e-09,,,1.0,436,0.15948011670609707,Tikhonov,True,,1,0.05,0.983542673676237,validated,0.9231749376581212
0.0,True,0,False,False,1,ds00003,,,1.0,,2.0,1.5407329308033549e-09,,,,2,0.15948012084518662,Tikhonov-lsqlin,False,-1.3239911764815556e-09,1,0.05,0.9835426997129639,iteration/stationarity not certified,0.9231749376581212
0.0,False,1,False,True,1,ds00003,,,1.0,,,,,,,99,0.007426130131869292,Lognormal-fit,True,,1,0.05,0.9151660333808325,validated,0.9231749376581212
0.0,True,0,True,False,0,ds00003,,3.0173571156743416e-05,,,26500.0,3.9283708995529634,,1.4963429886849285e-09,0.0,51500,0.1396890699804003,TGV2-ADMM,False,,0,0.05,22.17957796005345,iteration/stationarity not certified,0.9231749376581212
0.0,True,0,True,False,0,ds00003,,0.008822613375675172,,,26500.0,23.67261876499645,,5.107744448195525e-07,0.0,51500,0.8128594995636668,TV-2D,False,,0,0.05,1595.123916281549,iteration/stationarity not certified,0.9231749376581212
0.0,True,0,False,False,1,ds00003,,,,,400.0,8.248646905314713e-06,,,0.0,1580,0.3116426916809982,Maximum Entropy,False,,0,0.05,0.8362031928495547,iteration/stationarity not certified,0.9231749376581212
0.0,True,0,True,False,0,ds00003,,,3.0,,,1.299107639719233e-10,,,,3064,0.9999597813922161,Bayesian GP-MAP,False,,0,0.05,313.55083445622563,iteration/stationarity not certified,0.9231749376581212
0.0,True,0,False,False,1,ds00003,,,,,400.0,6.63648279188955e-05,,,0.0,1580,0.31341341801736033,Huber-TV,False,,0,0.05,0.8513284505845224,iteration/stationarity not certified,0.9231749376581212
0.0,True,0,False,False,0,ds00003,0.0,,,,,,,,,248,0.5234771061287207,POCS-CDMA,False,,1,0.05,19455019823160.793,iteration/stationarity not certified,0.9231749376581212
0.03,True,1,False,True,1,ds00004,,,,1.0,,,1.067404789619141,,,166,0.4612562988983108,POCS-PSS,True,,1,0.0,1.0659495675251578,validated,1.0037481944074005
0.03,True,1,False,True,1,ds00004,,,,,,,,,,39,0.4311431435047894,Twomey-Markowski,True,,1,0.0,0.9999999999999942,validated,1.0037481944074005
0.03,True,1,False,True,1,ds00004,,,,,13.0,8.571834071210404e-13,,,1.0,205,0.2142201536252104,Tikhonov,True,,1,0.0,1.0064007422730084,validated,1.0037481944074005
0.03,True,1,False,True,1,ds00004,,,1.0,,2.0,2.5722000522273534e-15,,,,2,0.21422015363096347,Tikhonov-lsqlin,True,2.951380914759606e-15,1,0.0,1.0064007422745729,validated,1.0037481944074005
0.03,False,1,False,True,1,ds00004,,,3.0,,,,,,,42,0.04548226099616362,Lognormal-fit,True,,1,0.0,0.9996186213775503,validated,1.0037481944074005
0.03,True,0,False,True,1,ds00004,,1.9992726527130447e-05,,,9497.0,1.2687198273902546e-07,,2.6764274969555757e-07,0.0,57959,0.14227950755187466,TGV2-ADMM,True,,0,0.0,0.9854248717134675,parameter selection not bracketed,1.0037481944074005
0.03,True,0,False,False,1,ds00004,,1.0338325192284318e-05,,,26500.0,2.749881363343792e-07,,2.9810928282688055e-07,0.0,70500,0.23767698652932395,TV-2D,False,,0,0.0,0.9769563325134949,iteration/stationarity not certified,1.0037481944074005
0.03,True,1,False,True,1,ds00004,,,,,6.0,9.94249422527268e-07,,,1.0,378,0.36643376804123085,Maximum Entropy,True,,1,0.0,1.0221012851055826,validated,1.0037481944074005
0.03,True,1,False,True,1,ds00004,,,0.0,,,1.859863547630427e-06,,,,660,0.14641385862018086,Bayesian GP-MAP,True,,1,0.0,0.9834784363453261,validated,1.0037481944074005
0.03,True,0,False,True,1,ds00004,,,,,11.0,1.6928128519925204e-06,,,0.0,1631,3.5492825848276297,Huber-TV,True,,0,0.0,0.8765295920433823,parameter selection not bracketed,1.0037481944074005
0.03,True,1,False,True,1,ds00004,1.0,,,,,,,,,153,0.6891649083486033,POCS-CDMA,True,,1,0.0,4.12410075099581,validated,1.0037481944074005
0.03,True,1,False,True,1,ds00005,,,,1.0,,,1.067404789619141,,,170,0.4684441678255512,POCS-PSS,True,,1,0.03,1.066419106629259,validated,1.0194145808755937
0.03,True,1,False,True,1,ds00005,,,,,,,,,,38,0.4315501454602806,Twomey-Markowski,True,,1,0.03,0.9999999999999947,validated,1.0194145808755937
0.03,True,1,False,True,1,ds00005,,,,,7.0,8.402146675257439e-13,,,1.0,195,0.1843464838085663,Tikhonov,True,,1,0.03,0.9930849515542012,validated,1.0194145808755937
0.03,True,1,False,True,1,ds00005,,,1.0,,2.0,2.1451004759894536e-15,,,,2,0.18434648380840343,Tikhonov-lsqlin,True,4.442169810287075e-15,1,0.03,0.9930849515542988,validated,1.0194145808755937
0.03,False,1,False,True,1,ds00005,,,1.0,,,,,,,40,0.06404526478728799,Lognormal-fit,True,,1,0.03,1.0112810871372637,validated,1.0194145808755937
0.03,True,0,False,True,1,ds00005,,1.999658737986781e-05,,,7985.0,2.3356389703398813e-07,,1.7377810984352023e-07,0.0,55908,0.14924055001359418,TGV2-ADMM,True,,0,0.03,0.9873778774136531,parameter selection not bracketed,1.0194145808755937
0.03,True,0,False,False,1,ds00005,,5.8333903882578565e-05,,,26500.0,2.334998379072557e-06,,5.10862903807906e-07,0.0,70500,0.24392333644963082,TV-2D,False,,0,0.03,0.9729924882491229,iteration/stationarity not certified,1.0194145808755937
0.03,True,1,False,True,1,ds00005,,,,,7.0,5.590220746285997e-07,,,1.0,245,0.38893184834893785,Maximum Entropy,True,,1,0.03,0.9927102769419259,validated,1.0194145808755937
0.03,True,1,False,True,1,ds00005,,,0.0,,,1.9029709479536261e-06,,,,640,0.15942552082751033,Bayesian GP-MAP,True,,1,0.03,0.9912064089392121,validated,1.0194145808755937
0.03,True,0,False,True,1,ds00005,,,,,22.0,1.9221104130275846e-06,,,0.0,1642,3.518995786974179,Huber-TV,True,,0,0.03,0.8795093355449394,parameter selection not bracketed,1.0194145808755937
0.03,True,1,False,True,1,ds00005,1.0,,,,,,,,,123,0.6956824829280279,POCS-CDMA,True,,1,0.03,4.189530924049073,validated,1.0194145808755937
0.03,True,1,False,True,1,ds00006,,,,1.0,,,1.067404789619141,,,168,0.4755688411383579,POCS-PSS,True,,1,0.05,1.0671915624162598,validated,1.0279955499705031
0.03,True,1,False,True,1,ds00006,,,,,,,,,,39,0.43487966354538715,Twomey-Markowski,True,,1,0.05,0.9999999999999971,validated,1.0279955499705031
0.03,True,1,False,True,1,ds00006,,,,,12.0,4.558461431235912e-13,,,1.0,189,0.20226815656500827,Tikhonov,True,,1,0.05,1.0013042871970452,validated,1.0279955499705031
0.03,True,1,False,True,1,ds00006,,,1.0,,2.0,2.2911673181905217e-13,,,,2,0.2022681565652415,Tikhonov-lsqlin,True,4.407204410098688e-15,1,0.05,1.00130428719709,validated,1.0279955499705031
0.03,False,1,False,True,1,ds00006,,,3.0,,,,,,,40,0.07673008231151204,Lognormal-fit,True,,1,0.05,1.0192967635683488,validated,1.0279955499705031
0.03,True,0,False,True,1,ds00006,,1.9991659974949388e-05,,,6856.0,3.5295383522443814e-07,,3.922665531490217e-07,0.0,53858,0.16250527623567984,TGV2-ADMM,True,,0,0.05,0.9892162827825353,parameter selection not bracketed,1.0279955499705031
0.03,True,0,False,True,1,ds00006,,1.999695297501331e-06,,,20545.0,5.836159332773305e-07,,4.0883017002308665e-07,0.0,64545,0.2666126802326259,TV-2D,True,,0,0.05,0.9733614445603547,parameter selection not bracketed,1.0279955499705031
0.03,True,1,False,True,1,ds00006,,,,,7.0,1.0693649821424137e-06,,,1.0,354,0.409368725087109,Maximum Entropy,True,,1,0.05,0.9822125053706489,validated,1.0279955499705031
0.03,True,1,False,True,1,ds00006,,,0.0,,,1.974256490822093e-06,,,,824,0.17131328426668108,Bayesian GP-MAP,True,,1,0.05,0.9972051759065617,validated,1.0279955499705031
0.03,True,0,False,True,1,ds00006,,,,,22.0,1.989251532691482e-06,,,0.0,1642,3.3524635027711454,Huber-TV,True,,0,0.05,0.8885530205934543,parameter selection not bracketed,1.0279955499705031
0.03,True,1,False,True,1,ds00006,1.0,,,,,,,,,121,0.7127731138112411,POCS-CDMA,True,,1,0.05,4.262580549301083,validated,1.0279955499705031
0.05,True,1,False,True,1,ds00007,,,,1.0,,,1.067404789619141,,,167,0.509465256315468,POCS-PSS,True,,1,0.0,1.0663456379634033,validated,1.0037481944074005
0.05,True,1,False,True,1,ds00007,,,,,,,,,,31,0.462503186804788,Twomey-Markowski,True,,1,0.0,0.9999999999999996,validated,1.0037481944074005
0.05,True,1,False,True,1,ds00007,,,,,12.0,1.8271073733930276e-12,,,1.0,211,0.24118415939900467,Tikhonov,True,,1,0.0,0.9996204643602196,validated,1.0037481944074005
0.05,True,1,False,True,1,ds00007,,,1.0,,2.0,1.142718407258693e-12,,,,2,0.24118415940436988,Tikhonov-lsqlin,True,2.088351964385771e-15,1,0.0,0.9996204643600689,validated,1.0037481944074005
0.05,False,1,False,True,1,ds00007,,,1.0,,,,,,,42,0.07272428057343204,Lognormal-fit,True,,1,0.0,0.9996035120042536,validated,1.0037481944074005
0.05,True,0,False,True,1,ds00007,,1.9937262248304136e-05,,,5850.0,4.7680131624080225e-07,,3.042224566776678e-07,0.0,53639,0.1593824255128585,TGV2-ADMM,True,,0,0.0,0.9805602756023059,parameter selection not bracketed,1.0037481944074005
0.05,True,0,True,False,1,ds00007,,2.2518127070164307e-05,,,26500.0,1.1271837684658215e-06,,4.020806371031992e-07,0.0,70500,0.330162748248195,TV-2D,False,,0,0.0,1.00974822100618,iteration/stationarity not certified,1.0037481944074005
0.05,True,1,False,True,1,ds00007,,,,,7.0,1.2305582830872515e-06,,,1.0,371,0.42114467708852676,Maximum Entropy,True,,1,0.0,0.9734189467306171,validated,1.0037481944074005
0.05,True,1,False,True,1,ds00007,,,0.0,,,1.984073880337625e-06,,,,540,0.20729752578746474,Bayesian GP-MAP,True,,1,0.0,0.9962921210565173,validated,1.0037481944074005
0.05,True,0,False,True,1,ds00007,,,,,39.0,1.9892119409039168e-06,,,0.0,1678,3.710822290985412,Huber-TV,True,,0,0.0,0.8968987628184197,parameter selection not bracketed,1.0037481944074005
0.05,True,1,False,True,1,ds00007,1.0,,,,,,,,,115,0.7983422253744158,POCS-CDMA,True,,1,0.0,3.314123300760644,validated,1.0037481944074005
0.05,True,1,False,True,1,ds00008,,,,1.0,,,1.067404789619141,,,168,0.5131760371814854,POCS-PSS,True,,1,0.03,1.0664093946616415,validated,1.012405868935024
0.05,True,1,False,True,1,ds00008,,,,,,,,,,30,0.4659774359314705,Twomey-Markowski,True,,1,0.03,0.9999999999999969,validated,1.012405868935024
0.05,True,1,False,True,1,ds00008,,,,,11.0,3.3114271268334353e-13,,,1.0,212,0.22844303769128257,Tikhonov,True,,1,0.03,0.9957909578746066,validated,1.012405868935024
0.05,True,1,False,True,1,ds00008,,,1.0,,2.0,3.310793094299561e-13,,,,2,0.22844303769128255,Tikhonov-lsqlin,True,1.915006093330101e-15,1,0.03,0.9957909578746086,validated,1.012405868935024
0.05,False,1,False,True,1,ds00008,,,3.0,,,,,,,42,0.08952255851163278,Lognormal-fit,True,,1,0.03,1.004989671802629,validated,1.012405868935024
0.05,True,0,False,True,1,ds00008,,1.983259938076046e-05,,,5645.0,3.712155553679312e-07,,5.671120618297694e-07,0.0,53031,0.17461670963875778,TGV2-ADMM,True,,0,0.03,0.9817225761071113,parameter selection not bracketed,1.012405868935024
0.05,True,0,True,False,1,ds00008,,9.315645562864088e-05,,,26500.0,5.27559386298675e-06,,3.9162835608894146e-07,0.0,70500,0.3251185962368859,TV-2D,False,,0,0.03,1.0051879914375879,iteration/stationarity not certified,1.012405868935024
0.05,True,1,False,True,1,ds00008,,,,,5.0,2.510928145017527e-07,,,1.0,356,0.42121276665069013,Maximum Entropy,True,,1,0.03,0.987604587262256,validated,1.012405868935024
0.05,True,1,False,True,1,ds00008,,,0.0,,,1.986093441232119e-06,,,,740,0.21309886693590205,Bayesian GP-MAP,True,,1,0.03,0.999038358108445,validated,1.012405868935024
0.05,True,0,False,True,1,ds00008,,,,,27.0,1.9792563899301954e-06,,,0.0,1687,3.790353087631153,Huber-TV,True,,0,0.03,0.8961235115146554,parameter selection not bracketed,1.012405868935024
0.05,True,1,False,True,1,ds00008,1.0,,,,,,,,,114,0.8008909511168485,POCS-CDMA,True,,1,0.03,3.440520512367584,validated,1.012405868935024
0.05,True,1,False,True,1,ds00009,,,,1.0,,,1.067404789619141,,,167,0.516566268719921,POCS-PSS,True,,1,0.05,1.0652972525713484,validated,1.0178936563428278
0.05,True,1,False,True,1,ds00009,,,,,,,,,,30,0.4644021291793316,Twomey-Markowski,True,,1,0.05,0.9999999999999956,validated,1.0178936563428278
0.05,True,1,False,True,1,ds00009,,,,,7.0,5.781676277438089e-14,,,1.0,204,0.22890223877690782,Tikhonov,True,,1,0.05,0.995438416904012,validated,1.0178936563428278
0.05,True,1,False,True,1,ds00009,,,1.0,,2.0,2.943069132468527e-14,,,,2,0.22890223877674795,Tikhonov-lsqlin,True,3.860394741555677e-15,1,0.05,0.9954384169039866,validated,1.0178936563428278
0.05,False,1,False,True,1,ds00009,,,3.0,,,,,,,41,0.10277640814633579,Lognormal-fit,True,,1,0.05,1.0089728209198023,validated,1.0178936563428278
0.05,True,0,False,True,1,ds00009,,1.9851870625262774e-05,,,5337.0,5.047036611289009e-07,,4.383425067512943e-07,0.0,52929,0.19094245584675948,TGV2-ADMM,True,,0,0.05,0.9819438847837357,parameter selection not bracketed,1.0178936563428278
0.05,True,0,True,False,1,ds00009,,9.035815937503754e-06,,,26500.0,1.117013900204719e-06,,8.054043718416553e-07,0.0,70500,0.31752757731198034,TV-2D,False,,0,0.05,1.0000180685009576,iteration/stationarity not certified,1.0178936563428278
0.05,True,1,False,True,1,ds00009,,,,,16.0,6.799530483032199e-07,,,1.0,340,0.42199098621569686,Maximum Entropy,True,,1,0.05,1.0066865033634347,validated,1.0178936563428278
0.05,True,1,False,True,1,ds00009,,,3.0,,,1.9546960832074337e-06,,,,1164,0.2196123334319554,Bayesian GP-MAP,True,,1,0.05,1.0010153144479315,validated,1.0178936563428278
0.05,True,0,False,True,1,ds00009,,,,,39.0,1.8427717400796486e-06,,,0.0,1674,3.4839480548237174,Huber-TV,True,,0,0.05,0.8988845174383003,parameter selection not bracketed,1.0178936563428278
0.05,True,1,False,True,1,ds00009,1.0,,,,,,,,,115,0.8079037548978839,POCS-CDMA,True,,1,0.05,3.483375622504438,validated,1.0178936563428278
0.0,True,1,False,True,1,ds00010,,,,1.0,,,1.067404789619141,,,224,0.1778761598797461,POCS-PSS,True,,1,0.0,1.0655001537540143,validated,0.0
0.0,True,1,False,True,1,ds00010,,,,,,,,,,485,0.17732985458285722,Twomey-Markowski,True,,1,0.0,0.9999999999999762,validated,0.0
0.0,True,1,False,True,1,ds00010,,,,,2.0,2.217856389175697e-13,,,1.0,215,0.07813135305755428,Tikhonov,True,,1,0.0,0.9886284445924103,validated,0.0
0.0,True,1,False,True,1,ds00010,,,1.0,,2.0,2.2005526475163865e-13,,,,2,0.0781313530575533,Tikhonov-lsqlin,True,1.6727743049616156e-15,1,0.0,0.9886284445926637,validated,0.0
0.0,False,1,False,True,1,ds00010,,,1.0,,,,,,,43,2.0335984723568975e-15,Lognormal-fit,True,,1,0.0,2.8902479796266958e-24,validated,0.0
0.0,True,0,True,True,0,ds00010,,1.822020453255517e-05,,,16728.0,2.05644308764248e-08,,4.808273373960873e-08,1.0,112345,0.06997468681703117,TGV2-ADMM,True,,1,0.0,1.6339374857035989,objective converged but measurement mismatch,0.0
0.0,True,0,False,False,1,ds00010,,0.007889815412147264,,,26500.0,5.665575420828879e-06,,2.125748459379735e-06,0.0,65500,0.10513817078873891,TV-2D,False,,0,0.0,0.5779507753330388,iteration/stationarity not certified,0.0
0.0,True,1,False,True,1,ds00010,,,,,2.0,7.163626801670627e-08,,,1.0,123,0.12719715730044326,Maximum Entropy,True,,1,0.0,0.9993030014394867,validated,0.0
0.0,True,0,True,False,0,ds00010,,,0.0,,,0.0001236137232596591,,,,3120,0.0390140412939243,Bayesian GP-MAP,False,,0,0.0,35.47335692322349,iteration/stationarity not certified,0.0
0.0,True,0,False,True,1,ds00010,,,,,196.0,1.993493031033548e-06,,,0.0,1279,0.10745201062939778,Huber-TV,True,,0,0.0,0.14286114329135147,parameter selection not bracketed,0.0
0.0,True,0,False,False,0,ds00010,0.0,,,,,,,,,247,0.33257901919391936,POCS-CDMA,False,,1,0.0,506.7234552344538,iteration/stationarity not certified,0.0
0.0,True,0,False,False,1,ds00011,,,,1.0,,,1.067404789619141,,,3000,2.1953693014554854,POCS-PSS,False,,1,0.03,0.5867944652021098,iteration/stationarity not certified,0.8539632459788581
0.0,True,0,False,False,0,ds00011,,,,,,,,,,4000,0.9999999997403318,Twomey-Markowski,False,,1,0.03,943.4196790604703,iteration/stationarity not certified,0.8539632459788581
0.0,True,1,False,True,1,ds00011,,,,,17.0,9.092962254654545e-11,,,1.0,530,0.12337477963768212,Tikhonov,True,,1,0.03,1.0010244449745584,validated,0.8539632459788581
0.0,True,1,False,True,1,ds00011,,,1.0,,2.0,6.598284207188069e-11,,,,2,0.12337478002121158,Tikhonov-lsqlin,True,-8.919167634163595e-11,1,0.03,1.0010244460735938,validated,0.8539632459788581
0.0,False,1,False,True,1,ds00011,,,3.0,,,,,,,99,0.0020233005404153457,Lognormal-fit,True,,1,0.03,0.8501751632123737,validated,0.8539632459788581
0.0,True,0,True,False,0,ds00011,,6.474075430965461e-05,,,26500.0,1.554354339379758,,2.402261589979398e-09,0.0,51500,0.10394275766005781,TGV2-ADMM,False,,0,0.03,8.994212270068582,iteration/stationarity not certified,0.8539632459788581
0.0,True,0,True,False,0,ds00011,,0.006998110644433273,,,26500.0,14.228589002153038,,8.44503480170819e-07,0.0,51500,0.7127417039685103,TV-2D,False,,0,0.03,1402.9498752687143,iteration/stationarity not certified,0.8539632459788581
0.0,True,0,False,False,1,ds00011,,,,,400.0,5.858845374337006e-06,,,0.0,1580,0.1835866418323516,Maximum Entropy,False,,0,0.03,0.8507114045627029,iteration/stationarity not certified,0.8539632459788581
0.0,True,0,True,False,0,ds00011,,,3.0,,,7.781916882734892e-10,,,,3064,0.9999116681720338,Bayesian GP-MAP,False,,0,0.03,1228.7222734213078,iteration/stationarity not certified,0.8539632459788581
0.0,True,0,False,False,1,ds00011,,,,,400.0,4.617269994695342e-05,,,0.0,1580,0.21309907060822597,Huber-TV,False,,0,0.03,0.8426744670004293,iteration/stationarity not certified,0.8539632459788581
0.0,True,0,False,False,0,ds00011,0.0,,,,,,,,,327,0.4668305791266364,POCS-CDMA,False,,1,0.03,49217508876960.15,iteration/stationarity not certified,0.8539632459788581
0.0,True,0,False,False,1,ds00012,,,,1.0,,,1.067404789619141,,,3000,2.920756953238991,POCS-PSS,False,,1,0.05,0.6300913209924968,iteration/stationarity not certified,0.8673642888502755
0.0,True,0,False,False,0,ds00012,,,,,,,,,,4000,0.9999999999056484,Twomey-Markowski,False,,1,0.05,341.28124070398314,iteration/stationarity not certified,0.8673642888502755
0.0,True,1,False,True,1,ds00012,,,,,14.0,8.305727421881841e-10,,,1.0,357,0.14523338884960296,Tikhonov,True,,1,0.05,0.9755599065629721,validated,0.8673642888502755
0.0,True,0,False,False,1,ds00012,,,1.0,,2.0,3.080043810340102e-10,,,,2,0.14523338898582694,Tikhonov-lsqlin,False,-1.8192779364573566e-11,1,0.05,0.9755599074089586,iteration/stationarity not certified,0.8673642888502755
0.0,False,1,False,True,1,ds00012,,,1.0,,,,,,,103,0.004498061206183707,Lognormal-fit,True,,1,0.05,0.8583601509239358,validated,0.8673642888502755
0.0,True,0,True,False,0,ds00012,,5.1490827425339104e-05,,,26500.0,2.121160345153176,,2.2767141855316774e-09,0.0,51500,0.12161858437466484,TGV2-ADMM,False,,0,0.05,10.746570522113075,iteration/stationarity not certified,0.8673642888502755
0.0,True,0,False,False,0,ds00012,,0.010115521249626414,,,2500.0,7.163415240111234,,1.2504374275106974e-06,0.0,51500,0.8413783448314495,TV-2D,False,,0,0.05,182.63395016047107,iteration/stationarity not certified,0.8673642888502755
0.0,True,0,False,False,1,ds00012,,,,,400.0,8.498262977543293e-06,,,0.0,1580,0.2010264346465104,Maximum Entropy,False,,0,0.05,0.8282804777043782,iteration/stationarity not certified,0.8673642888502755
0.0,True,0,True,False,0,ds00012,,,3.0,,,3.799036505830968e-10,,,,3064,0.9999447823474107,Bayesian GP-MAP,False,,0,0.05,320.6726598212535,iteration/stationarity not certified,0.8673642888502755
0.0,True,0,False,False,1,ds00012,,,,,400.0,8.51202989029551e-05,,,0.0,1580,0.21709466073815523,Huber-TV,False,,0,0.05,0.8323760537876388,iteration/stationarity not certified,0.8673642888502755
0.0,True,0,False,False,0,ds00012,0.0,,,,,,,,,248,0.5164852957281248,POCS-CDMA,False,,1,0.05,48070358456840.31,iteration/stationarity not certified,0.8673642888502755
0.03,True,1,False,True,1,ds00013,,,,1.0,,,1.067404789619141,,,163,0.39752050262329736,POCS-PSS,True,,1,0.0,1.0657476145120137,validated,1.0327120023134926
0.03,True,1,False,True,1,ds00013,,,,,,,,,,53,0.3261455419274692,Twomey-Markowski,True,,1,0.0,0.9999999999999958,validated,1.0327120023134926
0.03,True,1,False,True,1,ds00013,,,,,6.0,3.160129846703243e-13,,,1.0,188,0.108684337456868,Tikhonov,True,,1,0.0,0.9996629717621118,validated,1.0327120023134926
0.03,True,1,False,True,1,ds00013,,,1.0,,2.0,1.5894518313357587e-13,,,,2,0.10868433745657916,Tikhonov-lsqlin,True,4.753504031818946e-15,1,0.0,0.9996629717620448,validated,1.0327120023134926
0.03,False,1,False,True,1,ds00013,,,3.0,,,,,,,40,0.006700202032094101,Lognormal-fit,True,,1,0.0,1.0319416003332622,validated,1.0327120023134926
0.03,True,1,False,True,1,ds00013,,1.9936374248045027e-05,,,4169.0,9.83818033970403e-08,,1.5882539883017427e-07,1.0,33915,0.11043542035476835,TGV2-ADMM,True,,1,0.0,0.9984847579666961,validated,1.0327120023134926
0.03,True,0,True,False,1,ds00013,,0.00017279119146086235,,,26500.0,4.733576071920774e-06,,8.582450323380895e-07,0.0,68000,0.20640987934293195,TV-2D,False,,0,0.0,1.008055305354299,iteration/stationarity not certified,1.0327120023134926
0.03,True,1,False,True,1,ds00013,,,,,16.0,1.8813803520549775e-06,,,1.0,370,0.32189729859048644,Maximum Entropy,True,,1,0.0,0.9894169666190809,validated,1.0327120023134926
0.03,True,1,False,True,1,ds00013,,,3.0,,,1.8605567782722594e-06,,,,1344,0.13501388545527038,Bayesian GP-MAP,True,,1,0.0,1.0156902046564693,validated,1.0327120023134926
0.03,True,0,False,True,1,ds00013,,,,,9.0,1.8479472349471674e-06,,,0.0,1629,3.26624233110907,Huber-TV,True,,0,0.0,0.895422534617329,parameter selection not bracketed,1.0327120023134926
0.03,True,1,False,True,1,ds00013,1.0,,,,,,,,,130,0.7127621583395227,POCS-CDMA,True,,1,0.0,4.4434892956701875,validated,1.0327120023134926
0.03,True,1,False,True,1,ds00014,,,,1.0,,,1.067404789619141,,,166,0.39766115131480817,POCS-PSS,True,,1,0.03,1.0661476625682704,validated,1.0302532458876053
0.03,True,1,False,True,1,ds00014,,,,,,,,,,48,0.3258212471880583,Twomey-Markowski,True,,1,0.03,0.9999999999999949,validated,1.0302532458876053
0.03,True,1,False,True,1,ds00014,,,,,6.0,1.9715763311681718e-12,,,1.0,189,0.10450519263230859,Tikhonov,True,,1,0.03,0.997697011903747,validated,1.0302532458876053
0.03,True,1,False,True,1,ds00014,,,1.0,,2.0,9.869355173255755e-13,,,,2,0.1045051926325189,Tikhonov-lsqlin,True,4.325361265979101e-15,1,0.03,0.997697011903716,validated,1.0302532458876053
0.03,False,1,False,True,1,ds00014,,,3.0,,,,,,,41,0.03324637181086748,Lognormal-fit,True,,1,0.03,1.0283242144968672,validated,1.0302532458876053
0.03,True,1,True,True,1,ds00014,,1.9960112213098434e-05,,,8533.0,2.556986875596539e-07,,2.738823279705529e-07,1.0,30704,0.1159082773218432,TGV2-ADMM,True,,1,0.03,1.0077340235976575,validated,1.0302532458876053
0.03,True,0,False,False,1,ds00014,,9.368147948144222e-05,,,26500.0,3.556954132256773e-06,,8.603018854907235e-07,0.0,70500,0.19025978734280932,TV-2D,False,,0,0.03,0.9929937599117991,iteration/stationarity not certified,1.0302532458876053
0.03,True,1,False,True,1,ds00014,,,,,15.0,7.747182690803978e-07,,,1.0,363,0.2975181702201694,Maximum Entropy,True,,1,0.03,1.0265719363902064,validated,1.0302532458876053
0.03,True,1,False,True,1,ds00014,,,3.0,,,1.9848292994861924e-06,,,,1544,0.1218120424219089,Bayesian GP-MAP,True,,1,0.03,1.009998193801863,validated,1.0302532458876053
0.03,True,0,False,True,1,ds00014,,,,,16.0,1.3109523531705142e-06,,,0.0,1636,3.5573052407561687,Huber-TV,True,,0,0.03,0.8959126444254413,parameter selection not bracketed,1.0302532458876053
0.03,True,1,False,True,1,ds00014,1.0,,,,,,,,,117,0.7284568996739534,POCS-CDMA,True,,1,0.03,4.489711381511494,validated,1.0302532458876053
0.03,True,1,False,True,1,ds00015,,,,1.0,,,1.067404789619141,,,166,0.40269024380937873,POCS-PSS,True,,1,0.05,1.0667696763930574,validated,1.0339766041703384
0.03,True,1,False,True,1,ds00015,,,,,,,,,,48,0.32669784483099606,Twomey-Markowski,True,,1,0.05,0.9999999999999984,validated,1.0339766041703384
0.03,True,1,False,True,1,ds00015,,,,,5.0,4.550245241912469e-13,,,1.0,183,0.10082839558134928,Tikhonov,True,,1,0.05,0.9993599867580403,validated,1.0339766041703384
0.03,True,1,False,True,1,ds00015,,,1.0,,2.0,3.420819451991285e-13,,,,2,0.10082839558114186,Tikhonov-lsqlin,True,5.195286820080219e-15,1,0.05,0.9993599867580754,validated,1.0339766041703384
0.03,False,1,False,True,1,ds00015,,,3.0,,,,,,,42,0.04729106182250598,Lognormal-fit,True,,1,0.05,1.0302062693456016,validated,1.0339766041703384
0.03,True,1,True,True,1,ds00015,,1.998223603423443e-05,,,7044.0,3.918684862278778e-07,,4.3096851162520306e-07,1.0,28031,0.10931706640952003,TGV2-ADMM,True,,1,0.05,1.0049900121634592,validated,1.0339766041703384
0.03,True,0,False,False,1,ds00015,,8.429243664172348e-05,,,26500.0,4.7453204037216286e-06,,6.496099466737806e-07,0.0,70500,0.19545070320848615,TV-2D,False,,0,0.05,0.9874252487148669,iteration/stationarity not certified,1.0339766041703384
0.03,True,1,False,True,1,ds00015,,,,,16.0,8.673497995511057e-09,,,1.0,341,0.315150265241847,Maximum Entropy,True,,1,0.05,1.0041953403044368,validated,1.0339766041703384
0.03,True,1,False,True,1,ds00015,,,3.0,,,1.7819603096029443e-06,,,,1484,0.11850960350404131,Bayesian GP-MAP,True,,1,0.05,1.011686679649872,validated,1.0339766041703384
0.03,True,0,False,True,1,ds00015,,,,,20.0,1.386496238925873e-06,,,0.0,1640,3.681974470002882,Huber-TV,True,,0,0.05,0.9015273224192786,parameter selection not bracketed,1.0339766041703384
0.03,True,1,False,True,1,ds00015,1.0,,,,,,,,,130,0.7467497590874531,POCS-CDMA,True,,1,0.05,4.492474741937162,validated,1.0339766041703384
0.05,True,1,False,True,1,ds00016,,,,1.0,,,1.067404789619141,,,163,0.468587909962301,POCS-PSS,True,,1,0.0,1.0662858336584586,validated,1.0327120023134926
0.05,True,1,False,True,1,ds00016,,,,,,,,,,43,0.3754081716645002,Twomey-Markowski,True,,1,0.0,0.9999999999999958,validated,1.0327120023134926
0.05,True,1,False,True,1,ds00016,,,,,6.0,2.7862240225094434e-13,,,1.0,194,0.11862855323829757,Tikhonov,True,,1,0.0,1.0020053983726678,validated,1.0327120023134926
0.05,True,1,False,True,1,ds00016,,,1.0,,2.0,1.3996605296084027e-13,,,,2,0.1186285532387973,Tikhonov-lsqlin,True,3.708137946786579e-15,1,0.0,1.0020053983726496,validated,1.0327120023134926
0.05,False,1,False,True,1,ds00016,,,3.0,,,,,,,40,0.011139998644497029,Lognormal-fit,True,,1,0.0,1.0319410007765328,validated,1.0327120023134926
0.05,True,1,False,True,1,ds00016,,1.9933003874696723e-05,,,1937.0,3.147475801514993e-07,,3.7678228350498097e-07,1.0,29298,0.15304037517500427,TGV2-ADMM,True,,1,0.0,0.9944608838780307,validated,1.0327120023134926
0.05,True,0,True,False,1,ds00016,,4.188491013654996e-05,,,26500.0,2.0492363632748254e-06,,6.099986585393136e-07,0.0,68000,0.233850306930227,TV-2D,False,,0,0.0,1.0009332550012577,iteration/stationarity not certified,1.0327120023134926
0.05,True,1,False,True,1,ds00016,,,,,7.0,9.569804550913271e-07,,,1.0,350,0.3633959710256026,Maximum Entropy,True,,1,0.0,1.0036715919135162,validated,1.0327120023134926
0.05,True,1,False,True,1,ds00016,,,0.0,,,1.7393313432635546e-06,,,,720,0.21030244866572956,Bayesian GP-MAP,True,,1,0.0,1.0288526035607568,validated,1.0327120023134926
0.05,True,0,False,True,1,ds00016,,,,,35.0,1.8538775666985914e-06,,,0.0,1638,3.573784299099072,Huber-TV,True,,0,0.0,0.9182538920547196,parameter selection not bracketed,1.0327120023134926
0.05,True,1,False,True,1,ds00016,1.0,,,,,,,,,117,0.8044484264957988,POCS-CDMA,True,,1,0.0,3.4731707526783384,validated,1.0327120023134926
0.05,True,1,False,True,1,ds00017,,,,1.0,,,1.067404789619141,,,165,0.4700413265999767,POCS-PSS,True,,1,0.03,1.0662311230571282,validated,1.0285128428764145
0.05,True,1,False,True,1,ds00017,,,,,,,,,,40,0.3739749200762966,Twomey-Markowski,True,,1,0.03,0.9999999999999982,validated,1.0285128428764145
0.05,True,1,False,True,1,ds00017,,,,,6.0,2.4238266112543113e-09,,,1.0,183,0.11496712591263271,Tikhonov,True,,1,0.03,0.998836150278437,validated,1.0285128428764145
0.05,True,1,False,True,1,ds00017,,,1.0,,2.0,1.8278584595067375e-13,,,,2,0.11496713442420096,Tikhonov-lsqlin,True,4.1531740704436684e-15,1,0.03,0.9988361505483764,validated,1.0285128428764145
0.05,False,1,False,True,1,ds00017,,,3.0,,,,,,,41,0.03931027869314116,Lognormal-fit,True,,1,0.03,1.0273021527676265,validated,1.0285128428764145
0.05,True,1,True,True,1,ds00017,,1.9908830526227787e-05,,,7373.0,3.775913697791707e-07,,2.643182111464615e-07,1.0,28098,0.1313599575405541,TGV2-ADMM,True,,1,0.03,1.006526331018665,validated,1.0285128428764145
0.05,True,0,False,False,1,ds00017,,1.6677995770558047e-05,,,26500.0,1.038404447098454e-06,,3.4691526445616796e-07,0.0,70500,0.22598829357298222,TV-2D,False,,0,0.03,0.9930891982449841,iteration/stationarity not certified,1.0285128428764145
0.05,True,1,False,True,1,ds00017,,,,,16.0,1.238192377252491e-08,,,1.0,358,0.3678494606450704,Maximum Entropy,True,,1,0.03,0.9929879242771432,validated,1.0285128428764145
0.05,True,1,False,True,1,ds00017,,,0.0,,,1.9547759563882027e-06,,,,580,0.2003800680505513,Bayesian GP-MAP,True,,1,0.03,1.0229811925919583,validated,1.0285128428764145
0.05,True,0,False,True,1,ds00017,,,,,8.0,1.998806303863178e-06,,,0.0,1628,3.677698762044749,Huber-TV,True,,0,0.03,0.9146263897927203,parameter selection not bracketed,1.0285128428764145
0.05,True,1,False,True,1,ds00017,1.0,,,,,,,,,114,0.8096997419467643,POCS-CDMA,True,,1,0.03,3.47616396988273,validated,1.0285128428764145
0.05,True,1,False,True,1,ds00018,,,,1.0,,,1.067404789619141,,,165,0.4720321877647867,POCS-PSS,True,,1,0.05,1.066351428337453,validated,1.029308535086132
0.05,True,1,False,True,1,ds00018,,,,,,,,,,38,0.3788157771593895,Twomey-Markowski,True,,1,0.05,0.9999999999999993,validated,1.029308535086132
0.05,True,1,False,True,1,ds00018,,,,,7.0,7.344991354611004e-13,,,1.0,182,0.11882185835181973,Tikhonov,True,,1,0.05,1.000514136367786,validated,1.029308535086132
0.05,True,1,False,True,1,ds00018,,,1.0,,2.0,2.5485412659847275e-15,,,,2,0.11882185835207114,Tikhonov-lsqlin,True,4.141572009577943e-15,1,0.05,1.0005141363677919,validated,1.029308535086132
0.05,False,1,False,True,1,ds00018,,,3.0,,,,,,,43,0.056466542674086975,Lognormal-fit,True,,1,0.05,1.0271634834481198,validated,1.029308535086132
0.05,True,1,True,True,1,ds00018,,1.9927586690411653e-05,,,5556.0,5.094028449503028e-07,,6.488385227024131e-07,1.0,25924,0.12708260270387475,TGV2-ADMM,True,,1,0.05,1.0037549099743315,validated,1.029308535086132
0.05,True,0,False,False,1,ds00018,,2.5243143821221746e-05,,,26500.0,1.8825186634963944e-06,,2.738593393713484e-07,0.0,70500,0.2344721647720301,TV-2D,False,,0,0.05,0.9889365806666006,iteration/stationarity not certified,1.029308535086132
0.05,True,1,False,True,1,ds00018,,,,,16.0,5.1174270159690287e-08,,,1.0,352,0.3873610729485057,Maximum Entropy,True,,1,0.05,0.9851833858035589,validated,1.029308535086132
0.05,True,1,False,True,1,ds00018,,,0.0,,,1.9017737391283042e-06,,,,580,0.19503990702332388,Bayesian GP-MAP,True,,1,0.05,1.0218930255745642,validated,1.029308535086132
0.05,True,0,False,True,1,ds00018,,,,,22.0,1.8966600133018407e-06,,,0.0,1624,3.825622345166924,Huber-TV,True,,0,0.05,0.9163338968600336,parameter selection not bracketed,1.029308535086132
0.05,True,1,False,True,1,ds00018,1.0,,,,,,,,,116,0.8158564702392976,POCS-CDMA,True,,1,0.05,3.4776264478407724,validated,1.029308535086132
0.0,True,1,False,True,1,ds00019,,,,1.0,,,1.067404789619141,,,217,0.13165151344189502,POCS-PSS,True,,1,0.0,1.065856592517764,validated,0.0
0.0,True,1,False,True,1,ds00019,,,,,,,,,,338,0.1244578277950658,Twomey-Markowski,True,,1,0.0,0.999999999999466,validated,0.0
0.0,True,1,False,True,1,ds00019,,,,,5.0,2.348223758959859e-13,,,1.0,219,0.07146388926852609,Tikhonov,True,,1,0.0,0.9819936944903246,validated,0.0
0.0,True,1,False,True,1,ds00019,,,1.0,,2.0,1.1714515277760117e-13,,,,2,0.07146388926870065,Tikhonov-lsqlin,True,3.024625649467347e-15,1,0.0,0.9819936945002828,validated,0.0
0.0,False,1,False,True,1,ds00019,,,1.0,,,,,,,36,8.282799742996572e-16,Lognormal-fit,True,,1,0.0,2.3971153953958574e-24,validated,0.0
0.0,True,0,True,True,0,ds00019,,1.997177019975253e-05,,,20693.0,1.052220609881957e-08,,2.486683560147758e-08,1.0,115888,0.06172123158486273,TGV2-ADMM,True,,1,0.0,1.5111173666453905,objective converged but measurement mismatch,0.0
0.0,True,0,False,False,1,ds00019,,0.00525918102551987,,,26500.0,2.996611916614822e-06,,1.5276950567806627e-06,0.0,65500,0.0879280761815579,TV-2D,False,,0,0.0,0.5682754836450814,iteration/stationarity not certified,0.0
0.0,True,1,False,True,1,ds00019,,,,,2.0,5.999128398040408e-07,,,1.0,88,0.06620106349097024,Maximum Entropy,True,,1,0.0,1.022900030085499,validated,0.0
0.0,True,0,True,False,0,ds00019,,,0.0,,,9.79995614391148e-05,,,,3057,0.03508183340775766,Bayesian GP-MAP,False,,0,0.0,51.81365186696058,iteration/stationarity not certified,0.0
0.0,True,0,False,True,1,ds00019,,,,,211.0,1.997371749996598e-06,,,0.0,1284,0.07663337750080906,Huber-TV,True,,0,0.0,0.16465297369143947,parameter selection not bracketed,0.0
0.0,True,0,False,False,0,ds00019,0.0,,,,,,,,,243,0.2988480622129103,POCS-CDMA,False,,1,0.0,645.3966579215429,iteration/stationarity not certified,0.0
0.0,True,0,False,False,1,ds00020,,,,1.0,,,1.067404789619141,,,3000,2.4888404450235404,POCS-PSS,False,,1,0.03,0.569238490905564,iteration/stationarity not certified,0.8546536255105983
0.0,True,0,False,False,0,ds00020,,,,,,,,,,4000,0.9999999997069359,Twomey-Markowski,False,,1,0.03,948.8253874108308,iteration/stationarity not certified,0.8546536255105983
0.0,True,0,False,True,1,ds00020,,,,,50.0,1.7926603135122523e-09,,,0.0,505,0.11419267326200838,Tikhonov,True,,0,0.03,0.9303182145643124,parameter selection not bracketed,0.8546536255105983
0.0,True,0,False,False,1,ds00020,,,1.0,,2.0,1.9673908900335097e-09,,,,2,0.11419267183783455,Tikhonov-lsqlin,False,-1.458434869517518e-11,0,0.03,0.9303181971056175,iteration/stationarity not certified,0.8546536255105983
0.0,False,1,False,True,1,ds00020,,,3.0,,,,,,,100,0.0018721491443531102,Lognormal-fit,True,,1,0.03,0.8505591505126451,validated,0.8546536255105983
0.0,True,0,True,False,0,ds00020,,0.0001267440961686608,,,26500.0,0.5230751978213313,,2.404077179156083e-09,0.0,51500,0.123111677392281,TGV2-ADMM,False,,0,0.03,3.4675489622088937,iteration/stationarity not certified,0.8546536255105983
0.0,True,0,True,False,0,ds00020,,0.0050101700700470155,,,26500.0,3.946431090705895,,9.891537615372288e-07,0.0,51500,0.7810823131790731,TV-2D,False,,0,0.03,303.3476698299102,iteration/stationarity not certified,0.8546536255105983
0.0,True,0,False,False,1,ds00020,,,,,400.0,7.195064106644618e-06,,,0.0,1580,0.10827390213552107,Maximum Entropy,False,,0,0.03,0.8716897936223407,iteration/stationarity not certified,0.8546536255105983
0.0,True,0,True,False,0,ds00020,,,3.0,,,3.1576220254068983e-10,,,,3064,0.999927482373127,Bayesian GP-MAP,False,,0,0.03,936.6919349788907,iteration/stationarity not certified,0.8546536255105983
0.0,True,0,False,False,1,ds00020,,,,,400.0,6.060877103341992e-05,,,0.0,1580,0.13225549804863376,Huber-TV,False,,0,0.03,0.8442059995655987,iteration/stationarity not certified,0.8546536255105983
0.0,True,0,False,False,0,ds00020,0.0,,,,,,,,,323,0.4601261658842914,POCS-CDMA,False,,1,0.03,49875365842195.53,iteration/stationarity not certified,0.8546536255105983
0.0,True,0,False,False,1,ds00021,,,,1.0,,,1.067404789619141,,,3000,2.772155992265685,POCS-PSS,False,,1,0.05,0.6188800364515237,iteration/stationarity not certified,0.8656084171936967
0.0,True,0,False,False,0,ds00021,,,,,,,,,,4000,0.999999999885801,Twomey-Markowski,False,,1,0.05,343.0895047940913,iteration/stationarity not certified,0.8656084171936967
0.0,True,1,False,True,1,ds00021,,,,,12.0,2.7251869567477778e-11,,,1.0,446,0.14662911900492112,Tikhonov,True,,1,0.05,0.9831841824950882,validated,0.8656084171936967
0.0,True,1,False,True,1,ds00021,,,1.0,,2.0,6.118297266140043e-11,,,,2,0.1466291189941664,Tikhonov-lsqlin,True,-3.3989752377668965e-10,1,0.05,0.9831841816718244,validated,0.8656084171936967
0.0,False,1,False,True,1,ds00021,,,1.0,,,,,,,109,0.0047843527069343274,Lognormal-fit,True,,1,0.05,0.8582912570710965,validated,0.8656084171936967
0.0,True,0,True,False,0,ds00021,,7.028077252416002e-05,,,26500.0,1.7368328910395847,,2.3771366079734285e-09,0.0,51500,0.13715546062865572,TGV2-ADMM,False,,0,0.05,11.934086783506908,iteration/stationarity not certified,0.8656084171936967
0.0,True,0,False,False,0,ds00021,,0.007862217617763243,,,2500.0,4.622686388442499,,4.1841124585117e-07,0.0,51500,0.9172325947928884,TV-2D,False,,0,0.05,240.97748409278873,iteration/stationarity not certified,0.8656084171936967
0.0,True,0,False,False,1,ds00021,,,,,400.0,5.588985192287617e-06,,,0.0,1580,0.13293596790675086,Maximum Entropy,False,,0,0.05,0.8484886333206599,iteration/stationarity not certified,0.8656084171936967
0.0,True,0,True,False,0,ds00021,,,3.0,,,2.1584973091925705e-10,,,,3064,0.9999617071201718,Bayesian GP-MAP,False,,0,0.05,338.64355020372574,iteration/stationarity not certified,0.8656084171936967
0.0,True,0,False,False,1,ds00021,,,,,400.0,8.024838142338766e-05,,,0.0,1580,0.15559228592792176,Huber-TV,False,,0,0.05,0.8332996984365453,iteration/stationarity not certified,0.8656084171936967
0.0,True,0,False,False,0,ds00021,0.0,,,,,,,,,250,0.5228645826224654,POCS-CDMA,False,,1,0.05,58038913381842.414,iteration/stationarity not certified,0.8656084171936967
0.03,True,1,False,True,1,ds00022,,,,1.0,,,1.067404789619141,,,168,0.43281523222353985,POCS-PSS,True,,1,0.0,1.0665609758209869,validated,0.9943933631583431
0.03,True,1,False,True,1,ds00022,,,,,,,,,,45,0.37349945447235694,Twomey-Markowski,True,,1,0.0,0.9999999999999978,validated,0.9943933631583431
0.03,True,1,False,True,1,ds00022,,,,,9.0,1.0765478368095559e-13,,,1.0,191,0.21466555526562678,Tikhonov,True,,1,0.0,0.9925369464559385,validated,0.9943933631583431
0.03,True,1,False,True,1,ds00022,,,1.0,,2.0,8.071852899146746e-14,,,,2,0.2146655552654788,Tikhonov-lsqlin,True,3.0516387032434823e-15,1,0.0,0.9925369464559345,validated,0.9943933631583431
0.03,False,1,False,True,1,ds00022,,,1.0,,,,,,,41,0.03844143920151743,Lognormal-fit,True,,1,0.0,0.9897199729092219,validated,0.9943933631583431
0.03,True,0,False,True,1,ds00022,,1.9908639017485685e-05,,,11151.0,2.409066655995051e-07,,1.4563928302587688e-07,0.0,59682,0.1460487559715655,TGV2-ADMM,True,,0,0.0,0.9766264317873157,parameter selection not bracketed,0.9943933631583431
0.03,True,0,False,False,1,ds00022,,0.00014871187722843808,,,26500.0,3.829425463307391e-06,,9.621580968225278e-07,0.0,70500,0.23720386514219885,TV-2D,False,,0,0.0,0.9683043936277317,iteration/stationarity not certified,0.9943933631583431
0.03,True,1,False,True,1,ds00022,,,,,5.0,6.700526670670404e-08,,,1.0,353,0.307698234626716,Maximum Entropy,True,,1,0.0,0.9867228552077342,validated,0.9943933631583431
0.03,True,1,False,True,1,ds00022,,,0.0,,,1.8841480667033905e-06,,,,640,0.1414666873385313,Bayesian GP-MAP,True,,1,0.0,0.9756203088416883,validated,0.9943933631583431
0.03,True,0,False,True,1,ds00022,,,,,18.0,1.8710469047915312e-06,,,0.0,1636,3.389962204886471,Huber-TV,True,,0,0.0,0.8383059024512991,parameter selection not bracketed,0.9943933631583431
0.03,True,1,False,True,1,ds00022,1.0,,,,,,,,,137,0.7233255243411549,POCS-CDMA,True,,1,0.0,4.4592976945389555,validated,0.9943933631583431
0.03,True,1,False,True,1,ds00023,,,,1.0,,,1.067404789619141,,,168,0.43642327552363125,POCS-PSS,True,,1,0.03,1.0666582248961716,validated,0.9801417869719764
0.03,True,1,False,True,1,ds00023,,,,,,,,,,39,0.3770734279685535,Twomey-Markowski,True,,1,0.03,0.9999999999999971,validated,0.9801417869719764
0.03,True,1,False,True,1,ds00023,,,,,9.0,9.051254766273677e-11,,,1.0,188,0.24194405219722348,Tikhonov,True,,1,0.03,0.9941803293541918,validated,0.9801417869719764
0.03,True,1,False,True,1,ds00023,,,1.0,,2.0,4.525962241848512e-11,,,,2,0.2419440523097909,Tikhonov-lsqlin,True,1.990665737313853e-15,1,0.03,0.9941803294069449,validated,0.9801417869719764
0.03,False,1,False,True,1,ds00023,,,1.0,,,,,,,40,0.027109622785390336,Lognormal-fit,True,,1,0.03,0.9763224607459978,validated,0.9801417869719764
0.03,True,0,False,True,1,ds00023,,9.0189655247298e-06,,,13508.0,1.2793699095026359e-07,,2.8366074949451933e-07,0.0,64219,0.23193402969965451,TGV2-ADMM,True,,0,0.03,0.9954801100821368,parameter selection not bracketed,0.9801417869719764
0.03,True,0,True,False,1,ds00023,,0.00010136061809354158,,,26500.0,3.7056840417038467e-06,,7.022009834659718e-07,0.0,70500,0.29604595067301187,TV-2D,False,,0,0.03,1.0048932271114595,iteration/stationarity not certified,0.9801417869719764
0.03,True,1,False,True,1,ds00023,,,,,15.0,1.2722306274630053e-06,,,1.0,237,0.29888702832733466,Maximum Entropy,True,,1,0.03,0.9896794680888069,validated,0.9801417869719764
0.03,True,1,False,True,1,ds00023,,,0.0,,,1.9652471262081002e-06,,,,620,0.13146302542275023,Bayesian GP-MAP,True,,1,0.03,0.9654346956535178,validated,0.9801417869719764
0.03,True,0,False,True,1,ds00023,,,,,14.0,1.7037872602774118e-06,,,0.0,1634,3.6586562254246697,Huber-TV,True,,0,0.03,0.8386875490026929,parameter selection not bracketed,0.9801417869719764
0.03,True,1,False,True,1,ds00023,1.0,,,,,,,,,113,0.7350672036868229,POCS-CDMA,True,,1,0.03,4.3201798201986925,validated,0.9801417869719764
0.03,True,1,False,True,1,ds00024,,,,1.0,,,1.067404789619141,,,166,0.44469050442926694,POCS-PSS,True,,1,0.05,1.066795434109076,validated,0.9721706327773736
0.03,True,1,False,True,1,ds00024,,,,,,,,,,35,0.38916833240151827,Twomey-Markowski,True,,1,0.05,0.9999999999999944,validated,0.9721706327773736
0.03,True,1,False,True,1,ds00024,,,,,7.0,4.4145499257334785e-13,,,1.0,195,0.28836720227578866,Tikhonov,True,,1,0.05,1.00927232316864,validated,0.9721706327773736
0.03,True,1,False,True,1,ds00024,,,1.0,,2.0,2.5211549489981e-13,,,,2,0.2883672022758776,Tikhonov-lsqlin,True,2.8246026050098056e-15,1,0.05,1.0092723231686918,validated,0.9721706327773736
0.03,False,1,False,True,1,ds00024,,,1.0,,,,,,,38,0.022618513359025438,Lognormal-fit,True,,1,0.05,0.9674966429834646,validated,0.9721706327773736
0.03,True,0,False,True,1,ds00024,,1.9876995998833512e-05,,,10313.0,4.558607271453023e-07,,3.213517671763209e-07,0.0,60480,0.20024156441749513,TGV2-ADMM,True,,0,0.05,0.975881744391759,parameter selection not bracketed,0.9721706327773736
0.03,True,0,False,False,1,ds00024,,8.737932953862826e-05,,,26500.0,5.709158556380596e-06,,1.097481886546213e-06,0.0,73000,0.26086838036852267,TV-2D,False,,0,0.05,0.9777638222460525,iteration/stationarity not certified,0.9721706327773736
0.03,True,1,False,True,1,ds00024,,,,,5.0,9.188359435669385e-08,,,1.0,357,0.2995441075214292,Maximum Entropy,True,,1,0.05,0.9946505246115762,validated,0.9721706327773736
0.03,True,1,False,True,1,ds00024,,,0.0,,,1.6464260682159775e-06,,,,660,0.2042937396368701,Bayesian GP-MAP,True,,1,0.05,0.9766408778957983,validated,0.9721706327773736
0.03,True,0,False,True,1,ds00024,,,,,3.0,1.297846457039018e-06,,,0.0,1663,3.580585149852659,Huber-TV,True,,0,0.05,0.8419249735714603,parameter selection not bracketed,0.9721706327773736
0.03,True,1,False,True,1,ds00024,1.0,,,,,,,,,113,0.7485280467502481,POCS-CDMA,True,,1,0.05,4.3659753232552045,validated,0.9721706327773736
0.05,True,1,False,True,1,ds00025,,,,1.0,,,1.067404789619141,,,165,0.5331934716988712,POCS-PSS,True,,1,0.0,1.0653592796687874,validated,0.9943933631583429
0.05,True,1,False,True,1,ds00025,,,,,,,,,,33,0.46365605378254293,Twomey-Markowski,True,,1,0.0,0.9999999999999987,validated,0.9943933631583429
0.05,True,1,False,True,1,ds00025,,,,,11.0,4.1181079100402224e-13,,,1.0,193,0.28743267928261745,Tikhonov,True,,1,0.0,0.9958985112685754,validated,0.9943933631583429
0.05,True,1,False,True,1,ds00025,,,1.0,,2.0,2.0643140116317764e-13,,,,2,0.28743267928284943,Tikhonov-lsqlin,True,1.872866457481031e-15,1,0.0,0.9958985112686182,validated,0.9943933631583429
0.05,False,1,False,True,1,ds00025,,,1.0,,,,,,,41,0.06555123603153483,Lognormal-fit,True,,1,0.0,0.989680285163969,validated,0.9943933631583429
0.05,True,0,False,True,1,ds00025,,6.257140318578202e-06,,,14650.0,8.312738720380576e-08,,3.845281284017717e-07,0.0,65728,0.29188515571544926,TGV2-ADMM,True,,0,0.0,0.9986844128504252,parameter selection not bracketed,0.9943933631583429
0.05,True,0,True,False,1,ds00025,,0.00017808467483194592,,,26500.0,6.84638264303982e-06,,7.95089447674223e-07,0.0,70500,0.3685671496330477,TV-2D,False,,0,0.0,1.0004679751501016,iteration/stationarity not certified,0.9943933631583429
0.05,True,1,False,True,1,ds00025,,,,,5.0,6.805067357065602e-08,,,1.0,363,0.37386266048650646,Maximum Entropy,True,,1,0.0,0.9978083512932368,validated,0.9943933631583429
0.05,True,1,False,True,1,ds00025,,,0.0,,,1.8845881864670453e-06,,,,760,0.22979675125896448,Bayesian GP-MAP,True,,1,0.0,0.9871700228804244,validated,0.9943933631583429
0.05,True,0,False,True,1,ds00025,,,,,26.0,1.783347069220187e-06,,,0.0,1606,3.688551609673626,Huber-TV,True,,0,0.0,0.8639243926547361,parameter selection not bracketed,0.9943933631583429
0.05,True,1,False,True,1,ds00025,1.0,,,,,,,,,115,0.7865938432200206,POCS-CDMA,True,,1,0.0,3.543029410907696,validated,0.9943933631583429
0.05,True,1,False,True,1,ds00026,,,,1.0,,,1.067404789619141,,,166,0.535745735518506,POCS-PSS,True,,1,0.03,1.0653037634084979,validated,0.9859336451790035
0.05,True,1,False,True,1,ds00026,,,,,,,,,,30,0.4712988561909598,Twomey-Markowski,True,,1,0.03,0.999999999999996,validated,0.9859336451790035
0.05,True,1,False,True,1,ds00026,,,,,7.0,3.717825618120497e-13,,,1.0,195,0.340625878953416,Tikhonov,True,,1,0.03,1.0066573439555584,validated,0.9859336451790035
0.05,True,1,False,True,1,ds00026,,,1.0,,2.0,3.6707228905598376e-13,,,,2,0.3406258789534132,Tikhonov-lsqlin,True,1.5894605979627932e-15,1,0.03,1.0066573439555588,validated,0.9859336451790035
0.05,False,1,False,True,1,ds00026,,,1.0,,,,,,,43,0.052827517882195286,Lognormal-fit,True,,1,0.03,0.9816239102891283,validated,0.9859336451790035
0.05,True,0,False,True,1,ds00026,,1.9842436059770182e-05,,,10788.0,5.76309993425841e-07,,4.4307176752248435e-07,0.0,60713,0.2663718326724372,TGV2-ADMM,True,,0,0.03,0.9864338033714868,parameter selection not bracketed,0.9859336451790035
0.05,True,0,False,False,1,ds00026,,0.00013458588791286257,,,26500.0,6.164208651274593e-06,,5.928259694491797e-07,0.0,73000,0.33711834471139185,TV-2D,False,,0,0.03,0.9860158199400249,iteration/stationarity not certified,0.9859336451790035
0.05,True,1,False,True,1,ds00026,,,,,5.0,1.2165814165071848e-07,,,1.0,245,0.36720434441663125,Maximum Entropy,True,,1,0.03,0.9820358034854251,validated,0.9859336451790035
0.05,True,1,False,True,1,ds00026,,,0.0,,,1.871144903162436e-06,,,,700,0.22233944038630088,Bayesian GP-MAP,True,,1,0.03,0.9795845233371302,validated,0.9859336451790035
0.05,True,0,False,True,1,ds00026,,,,,19.0,1.990876223130114e-06,,,0.0,1645,3.9028399153028617,Huber-TV,True,,0,0.03,0.863057991512927,parameter selection not bracketed,0.9859336451790035
0.05,True,1,False,True,1,ds00026,1.0,,,,,,,,,113,0.7893029825275958,POCS-CDMA,True,,1,0.03,3.5362396322353447,validated,0.9859336451790035
0.05,True,1,False,True,1,ds00027,,,,1.0,,,1.067404789619141,,,167,0.5414197625045557,POCS-PSS,True,,1,0.05,1.0664345427583122,validated,0.9794635466424186
0.05,True,1,False,True,1,ds00027,,,,,,,,,,27,0.4810500774027855,Twomey-Markowski,True,,1,0.05,0.9999999999999993,validated,0.9794635466424186
0.05,True,1,False,True,1,ds00027,,,,,8.0,2.4093114631485864e-14,,,1.0,187,0.3553592886543223,Tikhonov,True,,1,0.05,1.0062376569851244,validated,0.9794635466424186
0.05,True,1,False,True,1,ds00027,,,1.0,,2.0,2.2190776064716085e-14,,,,2,0.35535928865430727,Tikhonov-lsqlin,True,1.775522289118038e-15,1,0.05,1.0062376569851212,validated,0.9794635466424186
0.05,False,1,False,True,1,ds00027,,,1.0,,,,,,,42,0.0464132455445539,Lognormal-fit,True,,1,0.05,0.9744988054294502,validated,0.9794635466424186
0.05,True,0,False,True,1,ds00027,,1.9839758278611523e-05,,,10079.0,4.044346521425928e-07,,4.846252316853318e-07,0.0,60060,0.23938540171821604,TGV2-ADMM,True,,0,0.05,0.9756464985995185,parameter selection not bracketed,0.9794635466424186
0.05,True,0,False,False,1,ds00027,,4.682659295564873e-05,,,26500.0,2.718242026798279e-06,,4.7507301533424366e-07,0.0,73000,0.30815012718473606,TV-2D,False,,0,0.05,0.9728005340453348,iteration/stationarity not certified,0.9794635466424186
0.05,True,1,False,True,1,ds00027,,,,,16.0,7.599389640233697e-07,,,1.0,351,0.3672597198269243,Maximum Entropy,True,,1,0.05,0.9963095459992511,validated,0.9794635466424186
0.05,True,1,False,True,1,ds00027,,,0.0,,,1.7778231215477623e-06,,,,580,0.21496578598083332,Bayesian GP-MAP,True,,1,0.05,0.9726991594190555,validated,0.9794635466424186
0.05,True,0,False,True,1,ds00027,,,,,39.0,1.874056637991624e-06,,,0.0,1680,3.8661926779930726,Huber-TV,True,,0,0.05,0.8636040451105333,parameter selection not bracketed,0.9794635466424186
0.05,True,1,False,True,1,ds00027,1.0,,,,,,,,,115,0.7939584864050786,POCS-CDMA,True,,1,0.05,3.506720197437104,validated,0.9794635466424186
