RelativeL2,TotalN_cm3,TotalRelativeError,ForbiddenN_cm3,GMD_dm_nm,GMD_dst_nm,GSD_dm,GSD_dst,GMD_dm_RelativeError,GMD_dst_RelativeError,GSD_dm_RelativeError,GSD_dst_RelativeError,TrueGMD_dm_nm,TrueGMD_dst_nm,TrueGSD_dm,TrueGSD_dst,Dataset,Method,Seconds,Iterations,ObjectiveConverged,WeightedResidual,Description,Experimental,DataCompatible,ConstraintViolation,Parameter,ParameterSelectionValid,Validated,QualityTargetsPass,TargetPass,CertificateKKT,CertificateRelativeGap,BudgetStopped,RawPrimalMinusDual,GapInterpretation,ParentMethod,ParentRelativeL2,ParentObjectiveConverged,ParentSeconds
0.486580522619646,97347.6035183427,-0.026523964816573,0,229.350463531947,45.3208731846801,1.58533220500821,1.46118910185183,-0.0826036489283569,-0.0938788841028545,0.218997110856191,0.124176230271177,250.001499639752,50.0163525488623,1.30052170828749,1.29978651256428,ds00002,POCS-CDMA-Dual,72.7480662,200,0,33169748113155.4,Same nonnegative minimum bin-mass norm and simultaneous 95% CDMA bands; dual optimizer control.,1,0,0,4.10262064140718,1,0,0,0,0.008808176704319161,nan,False,-0.0011596779406482585,infeasible primal: no valid optimality gap,POCS-CDMA,nan,False,nan
0.102894883195932,99685.3942261538,-0.00314605773846168,0,249.749262743547,50.0110986985785,1.30284856391957,1.30204683035099,-0.0010089415326231,-0.000105042651373122,0.0017891709282909,0.0017389915688959,250.001499639752,50.0163525488623,1.30052170828749,1.29978651256428,ds00002,Tikhonov-LSQR-StrongPrecond,16.8659682,20,0,0.872166214485508,"Same Tikhonov objective and stored measurement-only alpha; optimizer control, not a new regularizer.",1,1,0,1057777.92857951,0,0,1,0,0.006005793796629492,nan,False,nan,feasible certificate,Tikhonov,0.111628349278377,False,2125.5623343
0.1117896421346,99831.5421845876,-0.00168457815412374,0,249.709449873874,49.7951188152507,1.30264379932545,1.31115263494302,-0.00116819205604346,-0.00442322805117457,0.00163172288815261,0.00874460710960512,250.001499639752,50.0163525488623,1.30052170828749,1.29978651256428,ds00002,Tikhonov-Scaled,14.8336693,20,0,0.861170007487194,"Same Tikhonov objective and stored measurement-only alpha; optimizer control, not a new regularizer.",1,1,0,1057777.92857951,0,0,1,0,0.008968092966908007,nan,False,nan,feasible certificate,Tikhonov,0.111628349278377,False,2125.5623343
0.267534376733948,98747.455268481,-0.0125254473151895,0,249.056633817549,48.4131868437844,1.3104698700212,1.37942926789691,-0.00377944061761282,-0.0320528311917919,0.00764936230615421,0.0612737203862124,250.001499639752,50.0163525488623,1.30052170828749,1.29978651256428,ds00002,TV-Morozov-PD,29.4807816,6000,0,674.180331518427,Minimize isotropic TV subject to declared weighted measurement-error radius and nonnegativity; distinct discrepancy formulation.,1,0,0,1,1,0,0,0,0.0029755164523501535,nan,False,inf,infeasible primal: no valid optimality gap,,nan,False,nan
2.55809280360408,100485.219429965,0.00485219429965087,0,249.61947177739,49.090980088264,1.30621906218783,1.35207697253197,-0.00152810228303757,-0.0185013983115668,0.00438082183790556,0.0402300373655455,250.001499639752,50.0163525488623,1.30052170828749,1.29978651256428,ds00002,TV-PD,28.0028116,6000,0,1.09623145911049,"Same weighted-LS isotropic TV objective and stored data-only alpha; independent optimizer control, not a new regularizer.",1,0,0,1.01969199208468e-07,0,0,0,0,1.3768851545292832e-05,0.30100179420455186,False,0.30100179420455186,feasible certificate,TV-2D,0.730394867966552,False,388.0126351
0.695682482928028,101306.929303292,0.0130692930329172,0,237.816137685624,54.8225562298936,2.23349678840796,1.90189376019682,-0.0487411554398131,0.0960926464267069,0.717385241765013,0.463235494300276,250.001499639752,50.0163525488623,1.30052170828749,1.29978651256428,ds00005,POCS-CDMA-Dual,32.4846925,123,1,4.18953092404907,Same nonnegative minimum bin-mass norm and simultaneous 95% CDMA bands; dual optimizer control.,1,1,0,4.10262064140718,1,1,0,0,8.043727905970854e-10,4.597359125335654e-11,False,4.597359125335654e-11,feasible certificate,POCS-CDMA,0.695630446876769,False,150.2788668
0.187244533925918,101280.206553683,0.0128020655368334,0,247.69748338246,49.6997662293102,1.37673416760939,1.36913431463713,-0.0092160097463897,-0.00632965627077342,0.0586014511224482,0.0533532248584696,250.001499639752,50.0163525488623,1.30052170828749,1.29978651256428,ds00005,Tikhonov-LSQR-StrongPrecond,3.9797597,14,1,0.994306402293823,"Same Tikhonov objective and stored measurement-only alpha; optimizer control, not a new regularizer.",1,1,0,88342.2598894164,1,1,0,0,7.549179278972342e-14,nan,False,nan,feasible certificate,Tikhonov,0.18724453440488,True,101.1619041
0.187244533923446,101280.206553635,0.0128020655363532,0,247.697483382586,49.6997662293379,1.37673416760667,1.36913431463666,-0.00921600974588643,-0.00632965627021975,0.0586014511203603,0.0533532248581152,250.001499639752,50.0163525488623,1.30052170828749,1.29978651256428,ds00005,Tikhonov-Scaled,3.2890095,14,1,0.994306402293482,"Same Tikhonov objective and stored measurement-only alpha; optimizer control, not a new regularizer.",1,1,0,88342.2598894164,1,1,0,0,1.4044023563139106e-13,nan,False,nan,feasible certificate,Tikhonov,0.18724453440488,True,101.1619041
0.502327484289249,113966.153181685,0.139661531816851,0,222.158019371084,43.1413400002346,1.73860647926681,1.47229598688328,-0.111373252995642,-0.137455296083641,0.336853101480462,0.132721391283458,250.001499639752,50.0163525488623,1.30052170828749,1.29978651256428,ds00005,TV-Morozov-PD,28.5418451,6000,0,1.44897753355801,Minimize isotropic TV subject to declared weighted measurement-error radius and nonnegativity; distinct discrepancy formulation.,1,0,0,1,1,0,0,0,0.005943039451505449,nan,False,inf,infeasible primal: no valid optimality gap,,nan,False,nan
0.243945330276946,100805.760997393,0.00805760997392907,0,249.424630659712,48.9933623726529,1.34559457399568,1.40268760071526,-0.00230746207871113,-0.0204531143131631,0.0346575266071742,0.0791676841975937,250.001499639752,50.0163525488623,1.30052170828749,1.29978651256428,ds00005,TV-PD,28.4624013,6000,0,0.972998273259083,"Same weighted-LS isotropic TV objective and stored data-only alpha; independent optimizer control, not a new regularizer.",1,1,0,0.00353838877908007,0,0,0,0,1.0991003797128496e-06,0.00017440725590911477,False,0.00017440725590911477,feasible certificate,TV-2D,0.243918070490278,False,611.7513453
