RelativeL2,TotalN_cm3,TotalRelativeError,ForbiddenN_cm3,GMD_dm_nm,GMD_dst_nm,GSD_dm,GSD_dst,GMD_dm_RelativeError,GMD_dst_RelativeError,GSD_dm_RelativeError,GSD_dst_RelativeError,TrueGMD_dm_nm,TrueGMD_dst_nm,TrueGSD_dm,TrueGSD_dst,Dataset,Family,Setting,SolveSeconds,SetupSeconds,AuditSeconds,ColdTotalSeconds,WarmStartSeconds,Iterations,InnerIterations,Objective,ObjectiveConverged,ExecutionSuccess,KKT,RelativeGap,WeightedResidual,DataCompatible,ConstraintViolation,Parameter,ParameterSelectionValid,Validated,QualityTargetsPass,TargetPass,BudgetStopped,Options,FitExcluded
0.111812305449724,99833.3886431312,-0.00166611356868802,0,249.708703960846,49.7889768213658,1.30264819242208,1.31145911367526,-0.00117117569025571,-0.00454602776710589,0.00163510083763851,0.00898039870251566,250.001499639752,50.0163525488623,1.30052170828749,1.29978651256428,ds00002,Tikhonov,beta_1e-2_fixed,14.5978992,1.2548911,0.0406143,15.8527903,0,20,6000,1.01613826372181,0,1,0.463680911095487,1.96344145982562,1.21418080771612,0,0,1057777.92857951,0,0,1,0,0,"{""beta"":0.01,""adaptive"":false,""earlyTolerance"":1E-7,""finalTolerance"":1E-13,""damping"":1E-10,""maxIterations"":20,""maxLSQRIterations"":300,""qrLimit"":64,""maxSeconds"":25,""SetupSeconds"":1.2548911,""Continuation"":false,""StoredParentAlpha"":1.0577779285795072E+6,""InheritedSelectionValid"":false}",1
0.112232281059395,99833.1415373807,-0.00166858462619333,0,249.705742201617,49.7996850801139,1.30269779586689,1.31087239690918,-0.00118302265610681,-0.00433193261217335,0.00167324202704533,0.00852900398468637,250.001499639752,50.0163525488623,1.30052170828749,1.29978651256428,ds00002,Tikhonov,beta_1e-3_adaptive,14.1092167,1.2548911,0.0407925,15.3641078,0,20,6000,0.84468718155911,0,1,0.0806203082853675,1.03438755437667,0.869719515025959,1,0,1057777.92857951,0,0,1,0,0,"{""beta"":0.001,""adaptive"":true,""earlyTolerance"":1E-7,""finalTolerance"":1E-13,""damping"":1E-10,""maxIterations"":20,""maxLSQRIterations"":300,""qrLimit"":64,""maxSeconds"":25,""SetupSeconds"":1.2548911,""Continuation"":false,""StoredParentAlpha"":1.0577779285795072E+6,""InheritedSelectionValid"":false}",1
0.110656107106781,99823.8734774643,-0.0017612652253572,0,249.700089741191,49.7927148837572,1.30279724452918,1.31136507421815,-0.00120563236218529,-0.00447129096202226,0.00174971031023974,0.0089080487772053,250.001499639752,50.0163525488623,1.30052170828749,1.29978651256428,ds00002,Tikhonov,beta_1e-3_continuation,14.7421987,1.2548911,0.0408172,15.9970898,0,20,6000,0.892920476061052,0,1,0.20230096713349,1.46539609943782,0.962113596081616,1,0,1057777.92857951,0,0,1,0,0,"{""beta"":0.001,""adaptive"":false,""earlyTolerance"":1E-7,""finalTolerance"":1E-13,""damping"":1E-10,""maxIterations"":20,""maxLSQRIterations"":300,""qrLimit"":64,""maxSeconds"":25,""SetupSeconds"":1.2548911,""Continuation"":true,""StoredParentAlpha"":1.0577779285795072E+6,""InheritedSelectionValid"":false}",1
0.112232281059395,99833.1415373807,-0.00166858462619333,0,249.705742201617,49.7996850801139,1.30269779586689,1.31087239690918,-0.00118302265610681,-0.00433193261217335,0.00167324202704533,0.00852900398468637,250.001499639752,50.0163525488623,1.30052170828749,1.29978651256428,ds00002,Tikhonov,beta_1e-3_fixed,14.2650082,1.2548911,0.0433084,15.5198993,0,20,6000,0.84468718155911,0,1,0.0806203082853675,1.03438755437667,0.869719515025959,1,0,1057777.92857951,0,0,1,0,0,"{""beta"":0.001,""adaptive"":false,""earlyTolerance"":1E-7,""finalTolerance"":1E-13,""damping"":1E-10,""maxIterations"":20,""maxLSQRIterations"":300,""qrLimit"":64,""maxSeconds"":25,""SetupSeconds"":1.2548911,""Continuation"":false,""StoredParentAlpha"":1.0577779285795072E+6,""InheritedSelectionValid"":false}",1
0.110687451134326,99813.1811897609,-0.00186818810239085,0,249.717771268549,49.8369971323714,1.30266888031131,1.30919406662915,-0.00113490667700766,-0.00358593554609354,0.00165100821473008,0.00723776864426284,250.001499639752,50.0163525488623,1.30052170828749,1.29978651256428,ds00002,Tikhonov,beta_1e-4_fixed,14.4158944,1.2548911,0.0415438,15.6707855,0,20,6000,0.840502375584116,0,1,0.00377219787128059,1.00413954144872,0.859492805915783,1,0,1057777.92857951,0,0,1,0,0,"{""beta"":0.0001,""adaptive"":false,""earlyTolerance"":1E-7,""finalTolerance"":1E-13,""damping"":1E-10,""maxIterations"":20,""maxLSQRIterations"":300,""qrLimit"":64,""maxSeconds"":25,""SetupSeconds"":1.2548911,""Continuation"":false,""StoredParentAlpha"":1.0577779285795072E+6,""InheritedSelectionValid"":false}",1
0.102894883195932,99685.3942261538,-0.00314605773846168,0,249.749262743547,50.0110986985785,1.30284856391957,1.30204683035099,-0.0010089415326231,-0.000105042651373122,0.0017891709282909,0.0017389915688959,250.001499639752,50.0163525488623,1.30052170828749,1.29978651256428,ds00002,Tikhonov,beta_1e-6_fixed,15.9713371,1.2548911,0.0410524,17.2262282,0,20,6000,0.858656594841926,0,1,0.00600579379662949,1.00195202762204,0.872166214485508,1,0,1057777.92857951,0,0,1,0,0,"{""beta"":1E-6,""adaptive"":false,""earlyTolerance"":1E-7,""finalTolerance"":1E-13,""damping"":1E-10,""maxIterations"":20,""maxLSQRIterations"":300,""qrLimit"":64,""maxSeconds"":25,""SetupSeconds"":1.2548911,""Continuation"":false,""StoredParentAlpha"":1.0577779285795072E+6,""InheritedSelectionValid"":false}",1
0.1117896421346,99831.5421845876,-0.00168457815412374,0,249.709449873874,49.7951188152507,1.30264379932545,1.31115263494302,-0.00116819205604346,-0.00442322805117457,0.00163172288815261,0.00874460710960512,250.001499639752,50.0163525488623,1.30052170828749,1.29978651256428,ds00002,Tikhonov,beta_5e-2_fixed,15.4067932,1.2548911,0.0410829,16.6616843,0,20,6000,0.839667077378064,0,1,0.00896809296690801,1.2275963443141,0.861170007487194,1,0,1057777.92857951,0,0,1,0,0,"{""beta"":0.05,""adaptive"":false,""earlyTolerance"":1E-7,""finalTolerance"":1E-13,""damping"":1E-10,""maxIterations"":20,""maxLSQRIterations"":300,""qrLimit"":64,""maxSeconds"":25,""SetupSeconds"":1.2548911,""Continuation"":false,""StoredParentAlpha"":1.0577779285795072E+6,""InheritedSelectionValid"":false}",1
0.173357768382029,99833.3146870656,-0.00166685312934394,0,250.650286753087,49.2048028928656,1.29890273759261,1.34612654117224,0.00259513288628099,-0.0162256864933096,-0.00124486249215883,0.0356520306681285,250.001499639752,50.0163525488623,1.30052170828749,1.29978651256428,ds00002,TV-ADMM,relax_1.2_balance_10,20.1353099,2.4424591,0,22.577769,0,3350,NaN,5927282.75900113,0,1,3000.03233834449,1.33930694407025e-16,11854565.5179927,0,0,1.01969199208468e-07,0,0,1,0,1,"{""Datasets"":[""ds00005"",""ds00002""],""Folder"":""C:\\Users\\torbe\\Documents\\MATLAB\\CDMA_benchmark\\POCS_2D_Benchmark\\extended_benchmark\\solver_parameter_study_v8\\outputs"",""V6Source"":""C:\\Users\\torbe\\Documents\\MATLAB\\CDMA_benchmark\\POCS_2D_Benchmark\\extended_benchmark\\solver_revision_v6"",""V7Source"":""C:\\Users\\torbe\\Documents\\MATLAB\\CDMA_benchmark\\POCS_2D_Benchmark\\extended_benchmark\\solver_revision_v7"",""MaxSeconds"":20,""Iterations"":4000,""Relaxation"":1.2,""BalanceThreshold"":10,""SetupSeconds"":2.4424591}",1
0.187677984531376,100002.660058184,2.66005818352278e-05,0,250.612226194654,49.1660921064567,1.29867661352034,1.34824606041431,0.00244289156578015,-0.0169996490962626,-0.00141873430900252,0.037282697875076,250.001499639752,50.0163525488623,1.30052170828749,1.29978651256428,ds00002,TV-ADMM,relax_1.6_balance_10,20.0375173,2.4424591,0,22.4799764,0,3350,NaN,13043202.2574879,0,1,4356.23342678168,4.66472021474694e-17,26086404.5149656,0,0,1.01969199208468e-07,0,0,1,0,1,"{""Datasets"":[""ds00005"",""ds00002""],""Folder"":""C:\\Users\\torbe\\Documents\\MATLAB\\CDMA_benchmark\\POCS_2D_Benchmark\\extended_benchmark\\solver_parameter_study_v8\\outputs"",""V6Source"":""C:\\Users\\torbe\\Documents\\MATLAB\\CDMA_benchmark\\POCS_2D_Benchmark\\extended_benchmark\\solver_revision_v6"",""V7Source"":""C:\\Users\\torbe\\Documents\\MATLAB\\CDMA_benchmark\\POCS_2D_Benchmark\\extended_benchmark\\solver_revision_v7"",""MaxSeconds"":20,""Iterations"":4000,""Relaxation"":1.6,""BalanceThreshold"":10,""SetupSeconds"":2.4424591}",1
0.187650496765567,100208.407806496,0.00208407806495714,0,250.519349877533,49.1489833319029,1.29845685276952,1.34879409553536,0.00207138852577637,-0.0173417127150978,-0.0015877132267863,0.0377043325941231,250.001499639752,50.0163525488623,1.30052170828749,1.29978651256428,ds00002,TV-ADMM,relax_1.6_balance_20,20.121719,2.4424591,0,22.5641781,0,3350,NaN,4321704.85561071,0,1,2355.01850980433,1.50819945565426e-16,8643409.7112114,0,0,1.01969199208468e-07,0,0,1,0,1,"{""Datasets"":[""ds00005"",""ds00002""],""Folder"":""C:\\Users\\torbe\\Documents\\MATLAB\\CDMA_benchmark\\POCS_2D_Benchmark\\extended_benchmark\\solver_parameter_study_v8\\outputs"",""V6Source"":""C:\\Users\\torbe\\Documents\\MATLAB\\CDMA_benchmark\\POCS_2D_Benchmark\\extended_benchmark\\solver_revision_v6"",""V7Source"":""C:\\Users\\torbe\\Documents\\MATLAB\\CDMA_benchmark\\POCS_2D_Benchmark\\extended_benchmark\\solver_revision_v7"",""MaxSeconds"":20,""Iterations"":4000,""Relaxation"":1.6,""BalanceThreshold"":20,""SetupSeconds"":2.4424591}",1
0.187718950631096,99910.8281498927,-0.000891718501073192,0,250.580779755121,49.1744893985984,1.29911689334958,1.34797282558053,0.00231710656217654,-0.0168317581623216,-0.00108019337851661,0.0370724827119404,250.001499639752,50.0163525488623,1.30052170828749,1.29978651256428,ds00002,TV-ADMM,relax_1.6_balance_5,20.0585754,2.4424591,0,22.5010345,0,3300,NaN,7809750.48231824,0,1,3532.67712349934,6.60275814220779e-17,15619500.9646264,0,0,1.01969199208468e-07,0,0,1,0,1,"{""Datasets"":[""ds00005"",""ds00002""],""Folder"":""C:\\Users\\torbe\\Documents\\MATLAB\\CDMA_benchmark\\POCS_2D_Benchmark\\extended_benchmark\\solver_parameter_study_v8\\outputs"",""V6Source"":""C:\\Users\\torbe\\Documents\\MATLAB\\CDMA_benchmark\\POCS_2D_Benchmark\\extended_benchmark\\solver_revision_v6"",""V7Source"":""C:\\Users\\torbe\\Documents\\MATLAB\\CDMA_benchmark\\POCS_2D_Benchmark\\extended_benchmark\\solver_revision_v7"",""MaxSeconds"":20,""Iterations"":4000,""Relaxation"":1.6,""BalanceThreshold"":5,""SetupSeconds"":2.4424591}",1
0.194385614371211,99972.7443941393,-0.00027255605860686,0,250.596395504318,49.1631309066305,1.29879777024694,1.34887798860208,0.00237956918427829,-0.0170588537298532,-0.00132557421345991,0.0377688763218134,250.001499639752,50.0163525488623,1.30052170828749,1.29978651256428,ds00002,TV-ADMM,relax_1.8_balance_10,20.0185766,2.4424591,0,22.4610357,0,3325,NaN,38.5690762221199,0,1,0.909541776029787,6.55561427879629e-12,77.138142156882,0,0,1.01969199208468e-07,0,0,1,0,1,"{""Datasets"":[""ds00005"",""ds00002""],""Folder"":""C:\\Users\\torbe\\Documents\\MATLAB\\CDMA_benchmark\\POCS_2D_Benchmark\\extended_benchmark\\solver_parameter_study_v8\\outputs"",""V6Source"":""C:\\Users\\torbe\\Documents\\MATLAB\\CDMA_benchmark\\POCS_2D_Benchmark\\extended_benchmark\\solver_revision_v6"",""V7Source"":""C:\\Users\\torbe\\Documents\\MATLAB\\CDMA_benchmark\\POCS_2D_Benchmark\\extended_benchmark\\solver_revision_v7"",""MaxSeconds"":20,""Iterations"":4000,""Relaxation"":1.8,""BalanceThreshold"":10,""SetupSeconds"":2.4424591}",1
0.510165462903083,99508.4970192782,-0.00491502980721838,0,228.704804821759,44.7397007903855,1.59823878308793,1.48205602109903,-0.0851862682771141,-0.105498531771622,0.22892126513787,0.140230343039307,250.001499639752,50.0163525488623,1.30052170828749,1.29978651256428,ds00002,POCS,warm0_pcg100,40.2299999,1.2436016,0,41.4736015,0,70,NaN,0.0182645594717786,0,1,0.00833253106538935,Inf,67605494658892.9,0,0,4.10262064140718,1,0,0,0,1,"{""WarmupIterations"":0,""PCGMaxIterations"":100,""NewtonMaxIterations"":220,""LBFGSMaxIterations"":0,""TimeCapSeconds"":40,""Baseline"":false,""ChangedOption"":""warmup"",""SetupSeconds"":1.2436016,""SameStoredData"":true,""Start"":""zero dual multipliers"",""FrozenSource"":""C:\\Users\\torbe\\Documents\\MATLAB\\CDMA_benchmark\\POCS_2D_Benchmark\\extended_benchmark\\solver_revision_v7"",""NoiseWeightsChanged"":false,""PhysicalConstraintsChanged"":false,""ToleranceChanged"":false,""RootTolerance"":2E-6}",1
0.486795155943851,97473.7131400565,-0.0252628685994347,0,229.09696493992,45.2848291415354,1.58670231265451,1.46163903654745,-0.0836176372139975,-0.0945995292780401,0.220050617028032,0.124522390730046,250.001499639752,50.0163525488623,1.30052170828749,1.29978651256428,ds00002,POCS,warm100_pcg100,40.3656256,1.2436016,0,41.6092272,0,140,NaN,0.0184327947037643,0,1,0.00878084898862073,Inf,34389646551621.6,0,0,4.10262064140718,1,0,0,0,1,"{""WarmupIterations"":100,""PCGMaxIterations"":100,""NewtonMaxIterations"":220,""LBFGSMaxIterations"":0,""TimeCapSeconds"":40,""Baseline"":true,""ChangedOption"":""baseline"",""SetupSeconds"":1.2436016,""SameStoredData"":true,""Start"":""zero dual multipliers"",""FrozenSource"":""C:\\Users\\torbe\\Documents\\MATLAB\\CDMA_benchmark\\POCS_2D_Benchmark\\extended_benchmark\\solver_revision_v7"",""NoiseWeightsChanged"":false,""PhysicalConstraintsChanged"":false,""ToleranceChanged"":false,""RootTolerance"":2E-6}",1
0.486800381679305,97621.9946047114,-0.0237800539528855,0,228.958903178539,45.2746412409067,1.58779052797476,1.46188303860164,-0.0841698809468552,-0.0948032206731444,0.220887369935204,0.124710115446248,250.001499639752,50.0163525488623,1.30052170828749,1.29978651256428,ds00002,POCS,warm100_pcg350,41.3749505,1.2436016,0,42.6185521,0,116,NaN,0.0184792732976591,0,1,0.00871429179665778,Inf,35132086638066.4,0,0,4.10262064140718,1,0,0,0,1,"{""WarmupIterations"":100,""PCGMaxIterations"":350,""NewtonMaxIterations"":220,""LBFGSMaxIterations"":0,""TimeCapSeconds"":40,""Baseline"":false,""ChangedOption"":""pcg"",""SetupSeconds"":1.2436016,""SameStoredData"":true,""Start"":""zero dual multipliers"",""FrozenSource"":""C:\\Users\\torbe\\Documents\\MATLAB\\CDMA_benchmark\\POCS_2D_Benchmark\\extended_benchmark\\solver_revision_v7"",""NoiseWeightsChanged"":false,""PhysicalConstraintsChanged"":false,""ToleranceChanged"":false,""RootTolerance"":2E-6}",1
0.450479765662162,97387.7878565758,-0.0261221214342417,0,236.833266273944,46.2681998932553,1.48378538859581,1.44517484790581,-0.0526726175034294,-0.0749385443879641,0.140915510399001,0.111855550073914,250.001499639752,50.0163525488623,1.30052170828749,1.29978651256428,ds00002,POCS,warm400_pcg100,40.2842009,1.2436016,0,41.5278025,0,203,NaN,0.0200236509248186,0,1,0.00618870186611262,Inf,7449516045251.77,0,0,4.10262064140718,1,0,0,0,1,"{""WarmupIterations"":400,""PCGMaxIterations"":100,""NewtonMaxIterations"":220,""LBFGSMaxIterations"":0,""TimeCapSeconds"":40,""Baseline"":false,""ChangedOption"":""warmup"",""SetupSeconds"":1.2436016,""SameStoredData"":true,""Start"":""zero dual multipliers"",""FrozenSource"":""C:\\Users\\torbe\\Documents\\MATLAB\\CDMA_benchmark\\POCS_2D_Benchmark\\extended_benchmark\\solver_revision_v7"",""NoiseWeightsChanged"":false,""PhysicalConstraintsChanged"":false,""ToleranceChanged"":false,""RootTolerance"":2E-6}",1
2.62570939721176,100487.94633326,0.00487946333259897,0,249.597862003909,49.0776672163707,1.30616026710724,1.3525404100212,-0.00161454085845147,-0.0187675686981486,0.00433561299578078,0.0405865862947381,250.001499639752,50.0163525488623,1.30052170828749,1.29978651256428,ds00002,TV-PD,cold,37.6025988,1.2870749,0,38.8896737,0,8000,NaN,0.43380214696564,0,1,2.16431067810099e-05,0.181772783170614,0.867487734408406,1,0,1.01969199208468e-07,0,0,0,0,0,"{""Mode"":""cold"",""TotalCapSeconds"":40,""TargetIterations"":8000,""SetupSeconds"":1.2870749,""WarmStartSeconds"":0}",1
2.62384995069395,100501.657797669,0.00501657797668915,0,249.595849394598,49.0798185373515,1.30619337099994,1.35259238661434,-0.00162259124740538,-0.018724556345765,0.00436106731344799,0.0406265748564276,250.001499639752,50.0163525488623,1.30052170828749,1.29978651256428,ds00002,TV-PD,primal_dual,38.5937698,1.2870749,0,39.8808447,10.1773109,8000,NaN,0.469742525543964,0,1,1.06531619882107e-05,0.217731755202311,0.939368506699911,1,0,1.01969199208468e-07,0,0,0,0,0,"{""Mode"":""primal_dual"",""TotalCapSeconds"":40,""PilotAlphaMultiplier"":3,""PilotIterations"":2000,""TargetIterations"":6000,""SetupSeconds"":1.2870749,""WarmStartSeconds"":10.1773109}",1
2.61510117123242,100462.069846245,0.00462069846244922,0,249.618314730224,49.0890565952153,1.30619269307493,1.35207519721868,-0.00153273044393809,-0.0185398555950491,0.00436054604187053,0.0402286715156381,250.001499639752,50.0163525488623,1.30052170828749,1.29978651256428,ds00002,TV-PD,primal_only,38.1839175,1.2870749,0,39.4709924,10.1773109,8000,NaN,0.501885844825698,0,1,3.31883501981076e-05,0.25398856385584,1.00365526935598,1,0,1.01969199208468e-07,0,0,0,0,0,"{""Mode"":""primal_only"",""TotalCapSeconds"":40,""PilotAlphaMultiplier"":3,""PilotIterations"":2000,""TargetIterations"":6000,""SetupSeconds"":1.2870749,""WarmStartSeconds"":10.1773109}",1
0.187244533925916,101280.206553684,0.0128020655368362,0,247.697483382456,49.6997662293098,1.37673416760933,1.36913431463716,-0.0092160097464038,-0.00632965627077997,0.0586014511224013,0.0533532248584934,250.001499639752,50.0163525488623,1.30052170828749,1.29978651256428,ds00005,Tikhonov,beta_1e-2_fixed,3.5648878,1.412977,0.0454991,4.9778648,0,14,803,0.527070515613454,1,1,5.36607323976779e-13,1.27578947406448e-10,0.994306402293827,1,0,88342.2598894164,1,1,0,0,0,"{""beta"":0.01,""adaptive"":false,""earlyTolerance"":1E-7,""finalTolerance"":1E-13,""damping"":1E-10,""maxIterations"":20,""maxLSQRIterations"":300,""qrLimit"":64,""maxSeconds"":25,""SetupSeconds"":1.412977,""Continuation"":false,""StoredParentAlpha"":88342.2598894164,""InheritedSelectionValid"":true}",1
0.187244533922656,101280.206553624,0.012802065536242,0,247.697483382632,49.6997662293469,1.37673416760562,1.36913431463634,-0.00921600974570069,-0.00632965627003912,0.0586014511195487,0.0533532248578621,250.001499639752,50.0163525488623,1.30052170828749,1.29978651256428,ds00005,Tikhonov,beta_1e-3_adaptive,2.6519642,1.412977,0.0438797,4.0649412,0,14,576,0.527070515613455,1,1,2.41937611801275e-12,5.75632652655145e-10,0.994306402293368,1,0,88342.2598894164,1,1,0,0,0,"{""beta"":0.001,""adaptive"":true,""earlyTolerance"":1E-7,""finalTolerance"":1E-13,""damping"":1E-10,""maxIterations"":20,""maxLSQRIterations"":300,""qrLimit"":64,""maxSeconds"":25,""SetupSeconds"":1.412977,""Continuation"":false,""StoredParentAlpha"":88342.2598894164,""InheritedSelectionValid"":true}",1
0.187225212872269,101278.860989326,0.0127886098932623,0,247.698312571049,49.7016666475381,1.37672699875027,1.36907179242126,-0.00921269301193062,-0.00629166033282291,0.0585959388275972,0.0533051229469161,250.001499639752,50.0163525488623,1.30052170828749,1.29978651256428,ds00005,Tikhonov,beta_1e-3_continuation,3.8706274,1.412977,0.0451146,5.2836044,0,20,855,0.527070858278717,0,1,0.00343937508520078,0.796692092971229,0.994314405804208,1,0,88342.2598894164,1,0,0,0,0,"{""beta"":0.001,""adaptive"":false,""earlyTolerance"":1E-7,""finalTolerance"":1E-13,""damping"":1E-10,""maxIterations"":20,""maxLSQRIterations"":300,""qrLimit"":64,""maxSeconds"":25,""SetupSeconds"":1.412977,""Continuation"":true,""StoredParentAlpha"":88342.2598894164,""InheritedSelectionValid"":true}",1
0.187244533922644,101280.206553624,0.0128020655362365,0,247.697483382634,49.6997662293474,1.37673416760568,1.36913431463629,-0.00921600974569281,-0.00632965627002902,0.0586014511195956,0.0533532248578295,250.001499639752,50.0163525488623,1.30052170828749,1.29978651256428,ds00005,Tikhonov,beta_1e-3_fixed,3.9162029,1.412977,0.0440684,5.3291799,0,14,865,0.527070515613455,1,1,2.43217648520552e-12,5.81245163111532e-10,0.994306402293366,1,0,88342.2598894164,1,1,0,0,0,"{""beta"":0.001,""adaptive"":false,""earlyTolerance"":1E-7,""finalTolerance"":1E-13,""damping"":1E-10,""maxIterations"":20,""maxLSQRIterations"":300,""qrLimit"":64,""maxSeconds"":25,""SetupSeconds"":1.412977,""Continuation"":false,""StoredParentAlpha"":88342.2598894164,""InheritedSelectionValid"":true}",1
0.187244533925918,101280.206553683,0.0128020655368328,0,247.697483382461,49.6997662293102,1.37673416760931,1.36913431463712,-0.00921600974638626,-0.00632965627077264,0.0586014511223896,0.0533532248584636,250.001499639752,50.0163525488623,1.30052170828749,1.29978651256428,ds00005,Tikhonov,beta_1e-4_fixed,4.0807429,1.412977,0.0424586,5.4937199,0,14,870,0.527070515613455,1,1,6.12973790643547e-13,1.4837264750156e-10,0.994306402293823,1,0,88342.2598894164,1,1,0,0,0,"{""beta"":0.0001,""adaptive"":false,""earlyTolerance"":1E-7,""finalTolerance"":1E-13,""damping"":1E-10,""maxIterations"":20,""maxLSQRIterations"":300,""qrLimit"":64,""maxSeconds"":25,""SetupSeconds"":1.412977,""Continuation"":false,""StoredParentAlpha"":88342.2598894164,""InheritedSelectionValid"":true}",1
0.187244533925918,101280.206553683,0.0128020655368334,0,247.69748338246,49.6997662293102,1.37673416760939,1.36913431463713,-0.0092160097463897,-0.00632965627077342,0.0586014511224482,0.0533532248584696,250.001499639752,50.0163525488623,1.30052170828749,1.29978651256428,ds00005,Tikhonov,beta_1e-6_fixed,4.7117886,1.412977,0.0472074,6.1247656,0,14,873,0.527070515613455,1,1,6.13724559021129e-13,1.48555945322926e-10,0.994306402293823,1,0,88342.2598894164,1,1,0,0,0,"{""beta"":1E-6,""adaptive"":false,""earlyTolerance"":1E-7,""finalTolerance"":1E-13,""damping"":1E-10,""maxIterations"":20,""maxLSQRIterations"":300,""qrLimit"":64,""maxSeconds"":25,""SetupSeconds"":1.412977,""Continuation"":false,""StoredParentAlpha"":88342.2598894164,""InheritedSelectionValid"":true}",1
0.187244533923446,101280.206553635,0.0128020655363532,0,247.697483382586,49.6997662293379,1.37673416760667,1.36913431463666,-0.00921600974588643,-0.00632965627021975,0.0586014511203603,0.0533532248581152,250.001499639752,50.0163525488623,1.30052170828749,1.29978651256428,ds00005,Tikhonov,beta_5e-2_fixed,3.3300423,1.412977,0.0433934,4.7430193,0,14,759,0.527070515613455,1,1,1.14173499524351e-12,2.71505262716687e-10,0.994306402293482,1,0,88342.2598894164,1,1,0,0,0,"{""beta"":0.05,""adaptive"":false,""earlyTolerance"":1E-7,""finalTolerance"":1E-13,""damping"":1E-10,""maxIterations"":20,""maxLSQRIterations"":300,""qrLimit"":64,""maxSeconds"":25,""SetupSeconds"":1.412977,""Continuation"":false,""StoredParentAlpha"":88342.2598894164,""InheritedSelectionValid"":true}",1
0.24230309532373,100826.158731525,0.00826158731524614,0,249.394310153782,48.9869850035736,1.34564247540174,1.40291180581391,-0.00242874337492127,-0.0205806199938933,0.0346943590612294,0.0793401779852183,250.001499639752,50.0163525488623,1.30052170828749,1.29978651256428,ds00005,TV-ADMM,relax_1.2_balance_10,20.1053147,2.4224747,0,22.5277894,0,3350,NaN,0.592658384416803,0,1,0.000248138113394209,2.41612580872963e-07,0.973056338343465,1,0,0.00353838877908007,0,0,0,0,1,"{""Datasets"":[""ds00005"",""ds00002""],""Folder"":""C:\\Users\\torbe\\Documents\\MATLAB\\CDMA_benchmark\\POCS_2D_Benchmark\\extended_benchmark\\solver_parameter_study_v8\\outputs"",""V6Source"":""C:\\Users\\torbe\\Documents\\MATLAB\\CDMA_benchmark\\POCS_2D_Benchmark\\extended_benchmark\\solver_revision_v6"",""V7Source"":""C:\\Users\\torbe\\Documents\\MATLAB\\CDMA_benchmark\\POCS_2D_Benchmark\\extended_benchmark\\solver_revision_v7"",""MaxSeconds"":20,""Iterations"":4000,""Relaxation"":1.2,""BalanceThreshold"":10,""SetupSeconds"":2.4224747}",1
0.242825907322386,100814.184374733,0.00814184374733246,0,249.400049782703,48.9899493784542,1.34561366719007,1.40278329543852,-0.00240578499695165,-0.0205213518799741,0.0346722077880182,0.0792413076136986,250.001499639752,50.0163525488623,1.30052170828749,1.29978651256428,ds00005,TV-ADMM,relax_1.6_balance_10,20.0510164,2.4224747,0,22.4734911,0,3200,NaN,0.592654274414265,0,1,0.000105490184414947,1.68236277034439e-07,0.973067417798857,1,0,0.00353838877908007,0,0,0,0,1,"{""Datasets"":[""ds00005"",""ds00002""],""Folder"":""C:\\Users\\torbe\\Documents\\MATLAB\\CDMA_benchmark\\POCS_2D_Benchmark\\extended_benchmark\\solver_parameter_study_v8\\outputs"",""V6Source"":""C:\\Users\\torbe\\Documents\\MATLAB\\CDMA_benchmark\\POCS_2D_Benchmark\\extended_benchmark\\solver_revision_v6"",""V7Source"":""C:\\Users\\torbe\\Documents\\MATLAB\\CDMA_benchmark\\POCS_2D_Benchmark\\extended_benchmark\\solver_revision_v7"",""MaxSeconds"":20,""Iterations"":4000,""Relaxation"":1.6,""BalanceThreshold"":10,""SetupSeconds"":2.4224747}",1
0.242437633979646,100806.522867282,0.00806522867281776,0,249.406599822191,48.9917778504773,1.3455471441322,1.40272019386346,-0.00237958499616442,-0.0204847943956743,0.0346210567326817,0.0791927599680262,250.001499639752,50.0163525488623,1.30052170828749,1.29978651256428,ds00005,TV-ADMM,relax_1.6_balance_20,20.0935166,2.4224747,0,22.5159913,0,3450,NaN,0.592657003659736,0,1,7.82183559790426e-05,6.64945800921137e-08,0.973071110007376,1,0,0.00353838877908007,0,0,0,0,1,"{""Datasets"":[""ds00005"",""ds00002""],""Folder"":""C:\\Users\\torbe\\Documents\\MATLAB\\CDMA_benchmark\\POCS_2D_Benchmark\\extended_benchmark\\solver_parameter_study_v8\\outputs"",""V6Source"":""C:\\Users\\torbe\\Documents\\MATLAB\\CDMA_benchmark\\POCS_2D_Benchmark\\extended_benchmark\\solver_revision_v6"",""V7Source"":""C:\\Users\\torbe\\Documents\\MATLAB\\CDMA_benchmark\\POCS_2D_Benchmark\\extended_benchmark\\solver_revision_v7"",""MaxSeconds"":20,""Iterations"":4000,""Relaxation"":1.6,""BalanceThreshold"":20,""SetupSeconds"":2.4224747}",1
0.241500923206854,100806.763942552,0.00806763942552017,0,249.413434569263,48.9923118815458,1.34548233365126,1.40272685104865,-0.0023522461718668,-0.0204741172662685,0.0345712225157488,0.079197881720813,250.001499639752,50.0163525488623,1.30052170828749,1.29978651256428,ds00005,TV-ADMM,relax_1.6_balance_5,20.0713726,2.4224747,0,22.4938473,0,3375,NaN,0.592663613285962,0,1,8.9291981887283e-05,5.83454745212154e-08,0.973058153293027,1,0,0.00353838877908007,0,0,0,0,1,"{""Datasets"":[""ds00005"",""ds00002""],""Folder"":""C:\\Users\\torbe\\Documents\\MATLAB\\CDMA_benchmark\\POCS_2D_Benchmark\\extended_benchmark\\solver_parameter_study_v8\\outputs"",""V6Source"":""C:\\Users\\torbe\\Documents\\MATLAB\\CDMA_benchmark\\POCS_2D_Benchmark\\extended_benchmark\\solver_revision_v6"",""V7Source"":""C:\\Users\\torbe\\Documents\\MATLAB\\CDMA_benchmark\\POCS_2D_Benchmark\\extended_benchmark\\solver_revision_v7"",""MaxSeconds"":20,""Iterations"":4000,""Relaxation"":1.6,""BalanceThreshold"":5,""SetupSeconds"":2.4224747}",1
0.243172968155967,100809.49135723,0.00809491357229999,0,249.402408391989,48.9911617240096,1.34560823371389,1.40273076812648,-0.00239635061639998,-0.0204971128962499,0.0346680298676176,0.0792008953525072,250.001499639752,50.0163525488623,1.30052170828749,1.29978651256428,ds00005,TV-ADMM,relax_1.8_balance_10,20.1445818,2.4224747,0,22.5670565,0,3350,NaN,0.592651921546252,0,1,5.89423030027762e-05,1.32351341247672e-07,0.97306995436072,1,0,0.00353838877908007,0,0,0,0,1,"{""Datasets"":[""ds00005"",""ds00002""],""Folder"":""C:\\Users\\torbe\\Documents\\MATLAB\\CDMA_benchmark\\POCS_2D_Benchmark\\extended_benchmark\\solver_parameter_study_v8\\outputs"",""V6Source"":""C:\\Users\\torbe\\Documents\\MATLAB\\CDMA_benchmark\\POCS_2D_Benchmark\\extended_benchmark\\solver_revision_v6"",""V7Source"":""C:\\Users\\torbe\\Documents\\MATLAB\\CDMA_benchmark\\POCS_2D_Benchmark\\extended_benchmark\\solver_revision_v7"",""MaxSeconds"":20,""Iterations"":4000,""Relaxation"":1.8,""BalanceThreshold"":10,""SetupSeconds"":2.4224747}",1
0.686142205116151,100531.938799269,0.00531938799269235,0,244.981517668932,55.9133507058209,2.17013764546148,1.95421249712212,-0.020079807433371,0.117901403369982,0.668666990817922,0.503487286744318,250.001499639752,50.0163525488623,1.30052170828749,1.29978651256428,ds00005,POCS,warm0_pcg100,40.2088872,1.2476562,0,41.4565434,0,64,NaN,0.00969052372738615,0,1,0.00603404044526068,Inf,4.02893436277907,0,0,4.10262064140718,1,0,0,0,1,"{""WarmupIterations"":0,""PCGMaxIterations"":100,""NewtonMaxIterations"":220,""LBFGSMaxIterations"":0,""TimeCapSeconds"":40,""Baseline"":false,""ChangedOption"":""warmup"",""SetupSeconds"":1.2476562,""SameStoredData"":true,""Start"":""zero dual multipliers"",""FrozenSource"":""C:\\Users\\torbe\\Documents\\MATLAB\\CDMA_benchmark\\POCS_2D_Benchmark\\extended_benchmark\\solver_revision_v7"",""NoiseWeightsChanged"":false,""PhysicalConstraintsChanged"":false,""ToleranceChanged"":false,""RootTolerance"":2E-6}",1
0.695682482928028,101306.929303292,0.0130692930329172,0,237.816137685624,54.8225562298936,2.23349678840796,1.90189376019682,-0.0487411554398131,0.0960926464267069,0.717385241765013,0.463235494300276,250.001499639752,50.0163525488623,1.30052170828749,1.29978651256428,ds00005,POCS,warm100_pcg100,28.5601927,1.2476562,0,29.8078489,0,123,NaN,0.00955230664808387,1,1,8.04372790597085e-10,4.59735912533565e-11,4.18953092404907,1,0,4.10262064140718,1,1,0,0,0,"{""WarmupIterations"":100,""PCGMaxIterations"":100,""NewtonMaxIterations"":220,""LBFGSMaxIterations"":0,""TimeCapSeconds"":40,""Baseline"":true,""ChangedOption"":""baseline"",""SetupSeconds"":1.2476562,""SameStoredData"":true,""Start"":""zero dual multipliers"",""FrozenSource"":""C:\\Users\\torbe\\Documents\\MATLAB\\CDMA_benchmark\\POCS_2D_Benchmark\\extended_benchmark\\solver_revision_v7"",""NoiseWeightsChanged"":false,""PhysicalConstraintsChanged"":false,""ToleranceChanged"":false,""RootTolerance"":2E-6}",1
0.695682483774294,101306.929402517,0.013069294025174,0,237.81613821419,54.8225566422467,2.23349679045155,1.9018937790804,-0.0487411533255647,0.096092654671073,0.717385243336373,0.463235508828491,250.001499639752,50.0163525488623,1.30052170828749,1.29978651256428,ds00005,POCS,warm100_pcg350,37.4492597,1.2476562,0,38.6969159,0,131,NaN,0.00955230660211037,1,1,3.58046925441613e-15,6.93889390390723e-17,4.18953097738512,1,0,4.10262064140718,1,1,0,0,0,"{""WarmupIterations"":100,""PCGMaxIterations"":350,""NewtonMaxIterations"":220,""LBFGSMaxIterations"":0,""TimeCapSeconds"":40,""Baseline"":false,""ChangedOption"":""pcg"",""SetupSeconds"":1.2476562,""SameStoredData"":true,""Start"":""zero dual multipliers"",""FrozenSource"":""C:\\Users\\torbe\\Documents\\MATLAB\\CDMA_benchmark\\POCS_2D_Benchmark\\extended_benchmark\\solver_revision_v7"",""NoiseWeightsChanged"":false,""PhysicalConstraintsChanged"":false,""ToleranceChanged"":false,""RootTolerance"":2E-6}",1
0.708003836267181,101429.183768003,0.0142918376800267,0,237.260761025353,55.0626244689328,2.26149354682892,1.9011548395418,-0.05096264875514,0.100892441429844,0.738912570561253,0.462667000437722,250.001499639752,50.0163525488623,1.30052170828749,1.29978651256428,ds00005,POCS,warm400_pcg100,40.2449498,1.2476562,0,41.492606,0,225,NaN,0.00906208982281939,0,1,0.00358577196317594,Inf,4.36775728267005,0,0,4.10262064140718,1,0,0,0,1,"{""WarmupIterations"":400,""PCGMaxIterations"":100,""NewtonMaxIterations"":220,""LBFGSMaxIterations"":0,""TimeCapSeconds"":40,""Baseline"":false,""ChangedOption"":""warmup"",""SetupSeconds"":1.2476562,""SameStoredData"":true,""Start"":""zero dual multipliers"",""FrozenSource"":""C:\\Users\\torbe\\Documents\\MATLAB\\CDMA_benchmark\\POCS_2D_Benchmark\\extended_benchmark\\solver_revision_v7"",""NoiseWeightsChanged"":false,""PhysicalConstraintsChanged"":false,""ToleranceChanged"":false,""RootTolerance"":2E-6}",1
0.243947070483656,100805.20932623,0.00805209326229873,0,249.424739334427,48.9935800161967,1.34556533969188,1.40268777940613,-0.00230702738246102,-0.0204487628654328,0.0346350477022759,0.0791678216746896,250.001499639752,50.0163525488623,1.30052170828749,1.29978651256428,ds00005,TV-PD,cold,37.5409384,1.2615667,0,38.8025051,0,8000,NaN,0.592649660311804,0,1,1.40816731592396e-06,0.000291242260804347,0.972995976933377,1,0,0.00353838877908007,0,0,0,0,0,"{""Mode"":""cold"",""TotalCapSeconds"":40,""TargetIterations"":8000,""SetupSeconds"":1.2615667000000002,""WarmStartSeconds"":0}",1
0.243937940667182,100807.203823118,0.00807203823117743,0,249.429470780562,48.9927512532865,1.34562201914145,1.40268230376978,-0.00228810171144544,-0.0204653327044544,0.0346786297887658,0.0791636089549055,250.001499639752,50.0163525488623,1.30052170828749,1.29978651256428,ds00005,TV-PD,primal_dual,37.9355099,1.2615667,0,39.1970766,9.2133906,8000,NaN,0.592651090999177,0,1,1.20298640640529e-06,0.000195886159782499,0.973001936247559,1,0,0.00353838877908007,0,0,0,0,0,"{""Mode"":""primal_dual"",""TotalCapSeconds"":40,""PilotAlphaMultiplier"":3,""PilotIterations"":2000,""TargetIterations"":6000,""SetupSeconds"":1.2615667000000002,""WarmStartSeconds"":9.2133906}",1
0.243944319994619,100805.706453361,0.00805706453360835,0,249.425050257936,48.9934132364944,1.34559247389862,1.40268711957911,-0.00230578369588552,-0.0204520973689259,0.0346559117959495,0.0791673140320752,250.001499639752,50.0163525488623,1.30052170828749,1.29978651256428,ds00005,TV-PD,primal_only,37.2359753,1.2615667,0,38.497542,9.2133906,8000,NaN,0.592650009014158,0,1,1.01710628974476e-06,0.000177145189653505,0.97299807547338,1,0,0.00353838877908007,0,0,0,0,0,"{""Mode"":""primal_only"",""TotalCapSeconds"":40,""PilotAlphaMultiplier"":3,""PilotIterations"":2000,""TargetIterations"":6000,""SetupSeconds"":1.2615667000000002,""WarmStartSeconds"":9.2133906}",1
