Case,ScanSeconds,SamplingHz,TimeBinSeconds,RawSamplesPerRotation,LogVoltageStepPerSample,VoltageStepPercentPerSample,RawSamplesBeforeOneResidenceTime,ControlPointsForIntegrationCheck,PointVs20msAverageRelativeSignalL2,PointVs20msAveragePostStartupRelativeSignalL2,PointVs20msAverageMaxErrorRelativeToPeak,Quadrature3Vs9RelativeSignalL2,Quadrature5Vs9RelativeSignalL2,PeakExpectedCountsPer20msBin,PeakPoissonRelativeSigma,MinExpectedCountsWhereSignalAbove1pctPeak,RowsExpectedCountsBelow400,RowsExpectedCountsBelow1112
M1,30,50,0.02,1500,0.0046711024828036,0.468202908847977,864,44,7.98009654565163e-06,1.17609174130392e-05,2.10139495769623e-05,1.51764676495891e-06,2.12352107236088e-07,1337.24575701768,0.0273460362840706,14.0375593831872,31,38
M2,30,50,0.02,1500,0.0046711024828036,0.468202908847977,864,44,3.42278583295116e-06,4.74294138208886e-06,9.06489114545531e-06,7.96830010433102e-07,1.77023106383308e-07,1000.54152100744,0.0316142178786516,87.0454263905655,25,44
M3,30,50,0.02,1500,0.0046711024828036,0.468202908847977,864,44,8.05580535383605e-06,1.11227850965652e-05,1.83832618160342e-05,3.13157324440895e-07,2.21042639906423e-07,1098.13316097386,0.030176752212767,12.3004456920258,24,44
M1,60,50,0.02,3000,0.0023355512414018,0.23382807657701,864,44,3.8986696293172e-06,4.65735164399902e-06,1.01115823257132e-05,3.77579643561079e-07,1.02805959403391e-07,1337.24575701768,0.0273460362840706,65.8356858870909,32,39
M2,60,50,0.02,3000,0.0023355512414018,0.23382807657701,864,44,3.35426454964459e-06,3.9087078276338e-06,1.03593649484392e-05,3.15905236905029e-07,8.03286174637152e-08,1000.15348881372,0.0316203500097876,13.4278991587489,29,44
M3,60,50,0.02,3000,0.0023355512414018,0.23382807657701,864,44,1.90501094787133e-06,2.22133362720485e-06,5.45875845702098e-06,1.558489818065e-07,3.6948749841063e-08,1098.13316097386,0.030176752212767,60.7269876089828,26,44
M1,300,50,0.02,15000,0.00046711024828036,0.0467219361260987,864,44,6.09795734446484e-08,6.67106192673975e-08,1.430393130174e-07,1.24683102257347e-08,6.19981298781091e-09,1337.24575701768,0.0273460362840706,21.29366734844,34,39
M2,300,50,0.02,15000,0.00046711024828036,0.0467219361260987,864,44,2.16230228467036e-07,2.33625425302555e-07,6.43443571121636e-07,4.0943500256174e-08,2.01562509521648e-08,1000.56546701408,0.0316138395731703,13.9564722425725,27,44
M3,300,50,0.02,15000,0.00046711024828036,0.0467219361260987,864,44,3.18202811705248e-07,3.44611616929992e-07,8.8517934898207e-07,5.90703439574537e-08,2.9256195634522e-08,1098.13316097386,0.030176752212767,24.2429467983431,28,44
M1,1200,50,0.02,60000,0.00011677756207009,0.0116784380835015,864,44,5.27822815295836e-09,5.79178090431043e-09,7.66225777516457e-09,5.64070633066877e-10,2.43324824262856e-10,1337.24575701768,0.0273460362840706,42.104747314351,33,39
M2,1200,50,0.02,60000,0.00011677756207009,0.0116784380835015,864,44,5.8040830296113e-09,6.28152975123661e-09,1.35519461010003e-08,6.16441493547036e-10,3.33138199480351e-10,1000.62824528948,0.0316128478494876,12.3527687179141,27,44
M3,1200,50,0.02,60000,0.00011677756207009,0.0116784380835015,864,44,5.38648343792371e-09,5.84172364825273e-09,1.1298839974572e-08,7.18886960471738e-10,4.60691767411657e-10,1098.13316097386,0.030176752212767,27.8006325112444,28,44
