ScanSeconds,AssumedDelaySeconds,DelayIsMeasured,KappaPerSecond,CorrectedToUncorrectedVoltageRatio,VoltageErrorPercentIfDelayIgnored
30,1,0,0.23355512414018,0.791713951986475,26.3082452306062
30,2,0,0.23355512414018,0.626810981770042,59.5377281323495
30,5,0,0.23355512414018,0.311058083460984,221.483366988413
60,1,0,0.11677756207009,0.889783092661619,12.3869410699509
60,2,0,0.11677756207009,0.791713951986475,26.3082452306062
60,5,0,0.11677756207009,0.557725813873613,79.2995725004421
300,1,0,0.023355512414018,0.976915116578875,2.3630388177396
300,2,0,0.023355512414018,0.954363145000317,4.78191716002063
300,5,0,0.023355512414018,0.889783092661619,12.3869410699509
1200,1,0,0.0058388781035045,0.994178135016632,0.585595757773353
1200,2,0,0.0058388781035045,0.988390164145149,1.17462073946193
1200,5,0,0.0058388781035045,0.971227648669942,2.96247243058417
