Case,GMD_dm_nm,GMD_dst_nm,ScanSeconds,ControlPoints,StartupPositiveVoltageRows,PostStartupRows,ResidenceSeconds,KappaPerSecond,EffectiveVoltageRatioOmega0,StaticKernelErrorRelativeToDynamicL2,PostStartupStaticKernelErrorRelativeToDynamicL2,StaticKernelErrorMaximumRelativeToDynamicPeak,StaticKernelMismatchReducedChi2AtGaussian3pct,PostStartupMismatchReducedChi2AtGaussian3pct
M1,250,50,30,44,20,24,17.2671482682962,0.23355512414018,0.243569821707745,0.425320877253695,0.609790752565909,0.414448487804142,28.9508903386877,50.3332111600602
M2,315,60,30,44,20,24,17.2671482682962,0.23355512414018,0.243569821707745,0.476648434907946,0.655691298881533,0.504949050941988,50.6884483926352,91.7299582251977
M3,400,75,30,44,20,24,17.2671482682962,0.23355512414018,0.243569821707745,0.462466057939838,0.638270195355542,0.538647396132197,43.6913918276723,80.0298721992225
M1,250,50,60,44,10,34,17.2671482682962,0.11677756207009,0.429905535091267,0.29496542994163,0.352364304918755,0.339453237698208,13.1038509888205,16.9578310197348
M2,315,60,60,44,10,34,17.2671482682962,0.11677756207009,0.429905535091267,0.331435712615743,0.386218529972393,0.423163851813003,22.8584231553435,29.581224838346
M3,400,75,60,44,10,34,17.2671482682962,0.11677756207009,0.429905535091267,0.331358369151305,0.386374250049578,0.404182392620711,20.5705664713486,26.620258137154
M1,250,50,300,44,5,39,17.2671482682962,0.023355512414018,0.822938213164525,0.0940465155825989,0.102885257913435,0.103568440538611,1.26088178203115,1.42253232246154
M2,315,60,300,44,5,39,17.2671482682962,0.023355512414018,0.822938213164525,0.0789458987700128,0.0852967703913616,0.114225472065948,1.19137112608848,1.3441071850589
M3,400,75,300,44,5,39,17.2671482682962,0.023355512414018,0.822938213164525,0.0798674966414489,0.0864957386538497,0.0975479908171625,1.13986839007681,1.28600091613908
M1,250,50,1200,44,5,39,17.2671482682962,0.0058388781035045,0.951241896799874,0.0249681995244477,0.0273975219374868,0.0265101848256333,0.0878620668893288,0.0991263624158481
M2,315,60,1200,44,5,39,17.2671482682962,0.0058388781035045,0.951241896799874,0.0215053306318254,0.0232743325785702,0.0278996512394409,0.0865246591661484,0.0976172800911542
M3,400,75,1200,44,5,39,17.2671482682962,0.0058388781035045,0.951241896799874,0.0196417101449836,0.0213016564056663,0.0244194798974535,0.0667745577043667,0.075335062860377
