RelativeL2,TotalN_cm3,TotalRelativeError,ForbiddenN_cm3,GMD_dm_nm,GMD_dst_nm,GSD_dm,GSD_dst,GMD_dm_RelativeError,GMD_dst_RelativeError,GSD_dm_RelativeError,GSD_dst_RelativeError,TrueGMD_dm_nm,TrueGMD_dst_nm,TrueGSD_dm,TrueGSD_dst,Success,Validated,ObjectiveConverged,DataCompatible,ParameterSelectionValid,Converged,Status,Parameter,ReducedChi2,Iterations,SolverSeconds,ConstraintViolation,Boundary,Error,HeldoutStdRMSE,HeldoutMeanStdError,HeldoutCount,Design,CaseIndex,Method,Points,Relative,AbsoluteFraction,SourceDataset,SourceSolutionReused,WallSeconds,GMD_dm_TargetPass,GMD_dst_TargetPass,GSD_dm_TargetPass,GSD_dst_TargetPass,N_TargetPass,L2_TargetPass,QualityTargetsPass,TargetPass
0.231914673286125,104433.54090149,0.0443354090148966,0,241.511665100599,50.0814134003584,1.54976031446091,1.49071549908252,-0.0339591344507386,0.00130079160475693,0.191645094876279,0.146892574028615,250.001499639752,50.0163525488623,1.30052170828749,1.29978651256428,1,1,1,1,1,1,validated,81756.9440595279,0.704631996533884,820,13.8310732,0,0,,NaN,NaN,0,uniform_24x24,1,Bayesian GP-MAP,624,0.03,0.03,ds00005,1,0.0240433,1,1,0,0,1,0,0,0
0.205237527229489,103487.433282722,0.0348743328272246,0,310.168548227177,61.944701969109,1.50246609559171,1.49204113901886,-0.0153349315799924,0.0323896495895351,0.155291135105713,0.147316809242842,314.999036905892,60.0012814868276,1.30050863365642,1.30046132593796,1,1,1,1,1,1,validated,80649.959925289,0.820285778273281,4163,43.6020199,0,0,,NaN,NaN,0,uniform_24x24,2,Bayesian GP-MAP,624,0.03,0.03,ds00014,1,0.0036173,1,1,0,0,1,0,0,0
0.210285189493646,105592.95882231,0.0559295882231026,0,378.280545071648,72.4389835706645,1.52679764565771,1.49662027583199,-0.054078547511084,-0.03414467730375,0.17446605217808,0.150780208978376,399.906931042015,74.9998285130802,1.29999299922396,1.3005266028694,1,1,1,1,1,1,validated,79020.9501411761,0.729118464325787,640,13.1502081,0,0,,NaN,NaN,0,uniform_24x24,3,Bayesian GP-MAP,624,0.03,0.03,ds00023,0,13.8232701,0,1,0,0,0,0,0,0
0.78573761268069,115752.531541737,0.15752531541737,0,201.066520744885,63.7773273009629,1.90777612472469,2.077533945076,-0.195738741429076,0.275129513665699,0.466931395737188,0.598365520024781,250.001499639752,50.0163525488623,1.30052170828749,1.29978651256428,1,0,1,1,0,1,parameter selection not bracketed,7528.92201005719,0.278094303428145,520,1.5070173,0,1,,5.23850586786831,0.621605416294892,600,voltage_only,1,Bayesian GP-MAP,24,0.03,0.03,ds00005,0,1.5340565,0,0,0,0,0,0,0,0
0.809286319547166,112248.267714739,0.122482677147387,0,253.652348793551,71.8595862274264,2.00777658713687,2.16551497656228,-0.194751986275657,0.197634191249766,0.543839491085843,0.665189831770197,314.999036905892,60.0012814868276,1.30050863365642,1.30046132593796,1,1,1,1,1,1,validated,5947.59305760021,0.359109338150105,2340,6.1071571,0,0,,5.64462025838387,-0.214392308550846,600,voltage_only,2,Bayesian GP-MAP,24,0.03,0.03,ds00014,0,6.1380833,0,0,0,0,0,0,0,0
0.835215275467595,128751.349110536,0.287513491105358,0,266.715426636534,72.829282290105,2.28592537798666,2.34061993455013,-0.33305625400998,-0.0289406824789825,0.75841360634346,0.799747832444123,399.906931042015,74.9998285130802,1.29999299922396,1.3005266028694,1,0,1,1,0,1,parameter selection not bracketed,5374.81258462399,0.634476884904972,940,2.5024384,0,1,,5.44686457424971,0.0129891821170232,600,voltage_only,3,Bayesian GP-MAP,24,0.03,0.03,ds00023,0,2.5207641,0,1,0,0,0,0,0,0
0.471532702219892,110416.921088407,0.104169210884074,0,216.711144976536,48.1818835094988,1.75588181814843,1.66499039034527,-0.133160619881028,-0.036677385412527,0.350136492885262,0.280972201396752,250.001499639752,50.0163525488623,1.30052170828749,1.29978651256428,1,0,1,1,0,1,parameter selection not bracketed,41199.46646937,0.399275688654388,780,2.268398,0,1,,1.57276658696954,-0.0640404573147642,589,uniform_5x5,1,Bayesian GP-MAP,35,0.03,0.03,ds00005,0,2.3092963,0,1,0,0,0,0,0,0
0.668108886253511,113647.46905336,0.136474690533602,0,302.133688062086,57.8296712214571,2.03619662883755,1.82001439005426,-0.0408425021554899,-0.0361927314143659,0.565692511485075,0.399514429036612,314.999036905892,60.0012814868276,1.30050863365642,1.30046132593796,1,0,1,1,0,1,parameter selection not bracketed,93441.795532665,1.11260920055728,640,1.8773046,0,1,,2.42045964070616,-0.0283709240402969,589,uniform_5x5,2,Bayesian GP-MAP,35,0.03,0.03,ds00014,0,1.8965125,1,1,0,0,0,0,0,0
0.673497894022676,125532.524451573,0.255325244515731,0,380.708997207955,68.0598525794088,2.10355127142015,2.00466400446232,-0.0480060042571337,-0.0925332240254528,0.618125076578006,0.541424835170112,399.906931042015,74.9998285130802,1.29999299922396,1.3005266028694,1,0,1,1,0,1,parameter selection not bracketed,117725.369988318,0.634138143235255,400,1.3959261,0,1,,2.73129622162894,0.410601729763233,589,uniform_5x5,3,Bayesian GP-MAP,35,0.03,0.03,ds00023,0,1.4149924,1,0,0,0,0,0,0,0
0.503228687341968,108969.972392569,0.089699723925687,0,236.312757420733,47.1454419059782,1.78015987878925,1.49406565811498,-0.0547546404271335,-0.0573994403146326,0.368804432440685,0.149470042712955,250.001499639752,50.0163525488623,1.30052170828749,1.29978651256428,1,1,1,1,1,1,validated,55271.3852692935,0.621210141153575,820,2.9418847,0,0,,1.19025194073433,0.002023961638713,544,uniform_8x8,1,Bayesian GP-MAP,80,0.03,0.03,ds00005,0,2.9760046,0,0,0,0,0,0,0,0
0.317284289831388,105195.273718723,0.051952737187231,0,311.5608525312,61.8871437902783,1.6275653443999,1.50668156612834,-0.0109149044024505,0.0314303670974878,0.251483690518803,0.158574681212948,314.999036905892,60.0012814868276,1.30050863365642,1.30046132593796,1,0,1,1,0,1,parameter selection not bracketed,62659.0142608413,0.658714049995051,640,2.4004685,0,1,,1.08345094448368,0.18673160511739,544,uniform_8x8,2,Bayesian GP-MAP,80,0.03,0.03,ds00014,0,2.4347762,1,1,0,0,0,0,0,0
0.315794562004705,111507.833269326,0.115078332693264,0,360.090478773957,67.6089464733957,1.72497709736806,1.60082465164537,-0.0995642965334723,-0.09854531918557,0.32691260522002,0.230904964276322,399.906931042015,74.9998285130802,1.29999299922396,1.3005266028694,1,0,1,1,0,1,parameter selection not bracketed,60802.410700103,0.567599526798135,740,2.7015768,0,1,,0.995510895729698,0.0857443767764502,544,uniform_8x8,3,Bayesian GP-MAP,80,0.03,0.03,ds00023,0,2.736887,0,0,0,0,0,0,0,0
0.274355982502246,105709.540786816,0.0570954078681649,0,249.930673731478,50.326108135751,1.57393639704716,1.52317963077369,-0.000283301933691527,0.00619308628285276,0.210234621242652,0.171869084691987,250.001499639752,50.0163525488623,1.30052170828749,1.29978651256428,1,0,1,1,0,1,parameter selection not bracketed,91006.301506018,0.562757275695558,680,4.243128,0,1,,0.931901432084278,0.0455744722596374,456,uniform_12x12,1,Bayesian GP-MAP,168,0.03,0.03,ds00005,0,4.3199177,1,1,0,0,0,0,0,0
0.290056946642056,103920.190231881,0.0392019023188064,0,311.67849834352,62.0857206249732,1.53681596117583,1.55289952311275,-0.0105414244912876,0.0347399103234685,0.181703774510921,0.194114343994595,314.999036905892,60.0012814868276,1.30050863365642,1.30046132593796,1,0,1,1,0,1,parameter selection not bracketed,103079.558572647,0.739889928907696,600,3.8446602,0,1,,1.00080596970391,0.0195264013834024,456,uniform_12x12,2,Bayesian GP-MAP,168,0.03,0.03,ds00014,0,3.9188627,1,1,0,0,1,0,0,0
0.315498697217418,109745.817085981,0.0974581708598073,0,360.199169535273,67.7873732783185,1.6660219590187,1.51974105942623,-0.0992925063921193,-0.0961662896803004,0.281562254576169,0.168558225624267,399.906931042015,74.9998285130802,1.29999299922396,1.3005266028694,1,0,1,1,0,1,parameter selection not bracketed,101479.377971767,0.577980561837898,540,3.3483886,0,1,,0.957949482428182,0.067088612913723,456,uniform_12x12,3,Bayesian GP-MAP,168,0.03,0.03,ds00023,0,3.4222702,0,0,0,0,0,0,0,0
0.30364829605474,107881.38103048,0.0788138103048007,0,233.941176724628,49.8857334655349,1.67995471698673,1.63116436531387,-0.0642409063076279,-0.00261152756390615,0.29175445998427,0.254947908403692,250.001499639752,50.0163525488623,1.30052170828749,1.29978651256428,1,0,1,1,0,1,parameter selection not bracketed,142549.404824652,0.854843361900099,600,3.5622398,0,1,,0.83608145329497,0.0479565668354119,456,qr168,1,Bayesian GP-MAP,168,0.03,0.03,ds00005,0,3.6404864,0,1,0,0,0,0,0,0
0.266999365306861,105055.500402994,0.0505550040299448,0,308.237286735664,62.4525581692034,1.61167872874437,1.58829797193817,-0.0214659391871366,0.0408537388141281,0.239267996409286,0.221334260588334,314.999036905892,60.0012814868276,1.30050863365642,1.30046132593796,1,0,0,1,1,0,iteration/stationarity not certified,35116.7926716378,0.924995161413589,12003,52.5536281,0,0,,0.946144161042606,0.0622681475652236,456,qr168,2,Bayesian GP-MAP,168,0.03,0.03,ds00014,0,52.6384921,1,1,0,0,0,0,0,0
0.297335363340369,104612.16784874,0.0461216784874034,0,378.898465949858,71.469462620829,1.57858274008529,1.45577194996747,-0.052533385799082,-0.0470716528589861,0.214300954718699,0.119371143008951,399.906931042015,74.9998285130802,1.29999299922396,1.3005266028694,1,1,1,1,1,1,validated,31585.9192637033,0.669213771831849,720,4.5403223,0,0,,0.92410248584487,-0.0553640464794926,456,qr168,3,Bayesian GP-MAP,168,0.03,0.03,ds00023,0,4.6184839,0,1,0,0,1,0,0,0
0.241143967104364,106037.641778896,0.0603764177889579,0,236.260358449598,49.6542541437566,1.5917793484892,1.49672821589044,-0.0549642350544073,-0.00723960038373372,0.223954462540446,0.15151850047869,250.001499639752,50.0163525488623,1.30052170828749,1.29978651256428,1,0,0,1,1,0,iteration/stationarity not certified,40791.1703098762,0.698521014004539,12003,100.7623481,0,0,,0.87419824576108,0.0423791980636945,300,uniform_12x24,1,Bayesian GP-MAP,324,0.03,0.03,ds00005,0,100.9869293,0,1,0,0,0,0,0,0
0.174005298182817,102312.930477135,0.0231293047713466,0,252.773323990958,51.9437547782757,1.49046182362382,1.52343293059691,0.0110872308974173,0.0385354415344565,0.146049169441728,0.172063962712935,250.001499639752,50.0163525488623,1.30052170828749,1.29978651256428,1,1,1,1,1,1,validated,42283.1653473468,0.699600890029617,680,31.7975205,0,0,,NaN,NaN,0,new_24x48,1,Bayesian GP-MAP,1224,0.03,0.03,new-acquisition,0,34.3499586,1,1,0,0,1,1,0,0
0.138329027170265,101909.465515423,0.0190946551542332,0,319.146236262683,63.2977971088019,1.43043904203499,1.50896785615229,0.0131657524972999,0.0549407536020381,0.0999073785563942,0.160332741970577,314.999036905892,60.0012814868276,1.30050863365642,1.30046132593796,1,0,0,1,1,0,iteration/stationarity not certified,38725.9385414354,0.743574744535278,12003,309.5240304,0,0,,NaN,NaN,0,new_24x48,2,Bayesian GP-MAP,1224,0.03,0.03,new-acquisition,0,311.8067883,1,0,0,0,1,1,0,0
0.146259954061785,102523.715788442,0.025237157884419,0,391.358911219663,75.3330226603244,1.49830763147201,1.46610110715885,-0.0213750229336596,0.00444259878789088,0.152550538630924,0.127313431285555,399.906931042015,74.9998285130802,1.29999299922396,1.3005266028694,1,0,0,1,1,0,iteration/stationarity not certified,39500.2364655818,0.752269662045019,12003,366.5894086,0,0,,NaN,NaN,0,new_24x48,3,Bayesian GP-MAP,1224,0.03,0.03,new-acquisition,0,369.2001495,1,1,0,0,1,1,0,0
0.15345039570776,102738.083895453,0.0273808389545308,0,253.910837282645,51.7135171403135,1.49310651103722,1.51475155520284,0.0156372567705652,0.0339321942717286,0.148082728279342,0.165384884795019,250.001499639752,50.0163525488623,1.30052170828749,1.29978651256428,1,1,1,1,1,1,validated,84852.2212519658,0.73621047676273,640,65.6425412,0,0,,NaN,NaN,0,new_48x48,1,Bayesian GP-MAP,2400,0.03,0.03,new-acquisition,0,78.0291041,1,1,0,0,1,1,0,0
0.149615742285779,102062.755056617,0.0206275505661668,0,313.270242903178,61.9736492103497,1.49707616640454,1.50616116645681,-0.00548825170926093,0.0328720933061259,0.151146657285516,0.158174515778459,314.999036905892,60.0012814868276,1.30050863365642,1.30046132593796,1,0,0,1,1,0,iteration/stationarity not certified,76311.3932734616,0.752090001064276,12003,488.1771546,0,0,,NaN,NaN,0,new_48x48,2,Bayesian GP-MAP,2400,0.03,0.03,new-acquisition,0,500.9917573,1,1,0,0,1,1,0,0
0.167787144657998,103002.723425631,0.0300272342563106,0,393.431679605638,76.0987552512172,1.47951877376568,1.48014763314307,-0.0161918959981642,0.0146523900110702,0.138097493331799,0.13811407615758,399.906931042015,74.9998285130802,1.29999299922396,1.3005266028694,1,1,1,1,1,1,validated,75834.2321242582,0.771276086497313,560,62.6099322,0,0,,NaN,NaN,0,new_48x48,3,Bayesian GP-MAP,2400,0.03,0.03,new-acquisition,0,74.6575835,1,1,0,0,1,1,0,0
0.275529923417735,106325.261445908,0.0632526144590764,0,240.982650069888,49.7660910133088,1.55681693533689,1.56931350757082,-0.036075181880349,-0.00500359428067043,0.19707108725381,0.207362510997907,250.001499639752,50.0163525488623,1.30052170828749,1.29978651256428,1,0,1,1,0,1,parameter selection not bracketed,152887.667771508,0.65095771766277,560,6.1490885,0,1,,0.878980980862789,0.00905993230283022,336,uniform_16x16,1,Bayesian GP-MAP,288,0.03,0.03,ds00005,0,6.3329333,1,1,0,0,0,0,0,0
0.226031234507027,105302.339397243,0.0530233939724261,0,306.917305804584,60.1725779668351,1.5021286559551,1.45061019096297,-0.0256563676533469,0.00285488035859949,0.155031667672835,0.115458154756517,314.999036905892,60.0012814868276,1.30050863365642,1.30046132593796,1,0,0,1,1,0,iteration/stationarity not certified,39674.2650503749,0.803657002972369,12003,78.0333689,0,0,,0.961430331695272,0.0360813554572881,336,uniform_16x16,2,Bayesian GP-MAP,288,0.03,0.03,ds00014,0,78.2519224,1,1,0,0,0,0,0,0
0.19468646981926,105822.651384869,0.0582265138486869,0,376.231110449063,71.6206175311613,1.50559196475382,1.50153420847055,-0.0592033264621367,-0.0450562494463506,0.158153902099929,0.154558626603759,399.906931042015,74.9998285130802,1.29999299922396,1.3005266028694,1,1,1,1,1,1,validated,34608.3671887756,0.693602576696789,800,7.4784309,0,0,,0.893963286231389,-0.0120402453770806,336,uniform_16x16,3,Bayesian GP-MAP,288,0.03,0.03,ds00023,0,7.6479806,0,1,0,0,0,1,0,0
0.254692970500326,103165.926155833,0.031659261558328,0,313.715486464635,62.7629776432737,1.51628984092316,1.50252949818699,-0.00407477576396742,0.0460272862180855,0.16592062650139,0.155381915800754,314.999036905892,60.0012814868276,1.30050863365642,1.30046132593796,1,0,0,1,1,0,iteration/stationarity not certified,42146.1838527915,0.771152342030976,12004,86.5157586,0,0,,0.9980533785697,0.0640914393609789,300,uniform_12x24,2,Bayesian GP-MAP,324,0.03,0.03,ds00014,0,86.7290897,1,1,0,0,1,0,0,0
0.249480261513927,107117.181397124,0.0711718139712395,0,378.212949799456,72.5716338192622,1.5611518404521,1.54298482413921,-0.054247575019598,-0.0323760032783879,0.200892498178096,0.186430804825418,399.906931042015,74.9998285130802,1.29999299922396,1.3005266028694,1,1,1,1,1,1,validated,39508.9903038319,0.688070442758031,4163,30.766386,0,0,,0.92102469839227,0.0996554112925553,300,uniform_12x24,3,Bayesian GP-MAP,324,0.03,0.03,ds00023,0,30.9915733,0,1,0,0,0,0,0,0
0.254584249444286,102988.990031292,0.0298899003129239,0,246.362760112748,49.7383480619759,1.5439135482836,1.45367615343316,-0.0145548707997659,-0.00555827189947133,0.187149386623162,0.118396089958864,250.001499639752,50.0163525488623,1.30052170828749,1.29978651256428,1,0,1,1,0,1,parameter selection not bracketed,170996.412815561,0.630457553781306,480,5.7259875,0,1,,0.911110465478561,-0.0805312137953784,300,uniform_24x12,1,Bayesian GP-MAP,324,0.03,0.03,ds00005,0,5.9355456,1,1,0,0,1,0,0,0
0.22210656415008,102987.960175498,0.0298796017549817,0,312.031530887373,61.7061876124787,1.46679256677728,1.48547170268384,-0.00942068283023278,0.0284144952141625,0.127860691438355,0.142265189326135,314.999036905892,60.0012814868276,1.30050863365642,1.30046132593796,1,1,1,1,1,1,validated,45693.9581128811,0.821957165417247,4123,31.1202027,0,0,,0.943088778954576,-0.0989059297524195,300,uniform_24x12,2,Bayesian GP-MAP,324,0.03,0.03,ds00014,0,31.3537348,1,1,0,0,1,0,0,0
0.262799703498097,108229.162201144,0.0822916220114351,0,366.29439711231,68.0584063726326,1.59930292006582,1.50874537856608,-0.0840508911464051,-0.0925525068265592,0.230239640536936,0.160103434437458,399.906931042015,74.9998285130802,1.29999299922396,1.3005266028694,1,1,1,1,1,1,validated,46800.6823554826,0.655881202522991,660,6.7411856,0,0,,0.94317786673927,-0.0192100766996523,300,uniform_24x12,3,Bayesian GP-MAP,324,0.03,0.03,ds00023,0,6.9589682,0,0,0,0,0,0,0,0
0.433595462742563,111100.974559106,0.11100974559106,0,230.755053385585,46.3752653034721,1.67708360424653,1.45647489405534,-0.0769853232156631,-0.072797936271605,0.289546797688514,0.120549320966516,250.001499639752,50.0163525488623,1.30052170828749,1.29978651256428,1,1,1,1,1,1,validated,2595464.30333786,1.0112359507447,304,45.5657411,0,0,,NaN,NaN,0,uniform_24x24,1,Tikhonov,624,0.03,0.03,ds00005,1,0.0038182,0,0,0,0,0,0,0,0
0.374084511253208,106679.379379014,0.0667937937901446,0,307.464063824387,59.3624493245882,1.57734762287313,1.49953566414907,-0.0239206226010028,-0.0106469753046792,0.212869781908615,0.153079783489545,314.999036905892,60.0012814868276,1.30050863365642,1.30046132593796,1,1,1,1,1,1,validated,1492517.96134055,1.01504965259489,273,42.4013062,0,0,,NaN,NaN,0,uniform_24x24,2,Tikhonov,624,0.03,0.03,ds00014,1,0.0010509,1,1,0,0,0,0,0,0
0.425681679635657,106051.606140056,0.0605160614005568,0,382.825963223211,72.3198063620606,1.61183969431409,1.5028657365672,-0.0427123575335313,-0.0357337103851141,0.239883364969105,0.155582464250534,399.906931042015,74.9998285130802,1.29999299922396,1.3005266028694,1,1,1,1,1,1,validated,2508607.16073159,1.00201566013491,284,45.2980951,0,0,,NaN,NaN,0,uniform_24x24,3,Tikhonov,624,0.03,0.03,ds00023,1,0.0008465,1,1,0,0,0,0,0,0
3900.92842277767,16007939.9747845,159.079399747845,0,42.0619987204159,29.9824692682531,1.21378411733231,1.08482382564393,-0.831753014357808,-0.400546666433494,-0.066694458387314,-0.16538307240645,250.001499639752,50.0163525488623,1.30052170828749,1.29978651256428,1,1,1,1,1,1,validated,6,0.999999999989343,6,0.0132199,0,0,,3587.987009364,1078.85201976294,589,uniform_5x5,1,Twomey-Markowski,35,0.03,0.03,ds00005,0,0.0717333,0,0,0,0,0,0,0,0
3092.85292434395,13603956.2615494,135.039562615494,0,42.016070644669,30.1157496030971,1.27838392648362,1.12952679176435,-0.86661524093097,-0.498081559979538,-0.017012349322584,-0.131441459091704,314.999036905892,60.0012814868276,1.30050863365642,1.30046132593796,1,1,1,1,1,1,validated,7,0.999999999998799,7,0.0128402,0,0,,2903.80945743563,890.675209536968,589,uniform_5x5,2,Twomey-Markowski,35,0.03,0.03,ds00014,0,0.0331763,0,0,1,0,0,0,0,0
1164.72402135218,6422775.06007471,63.2277506007471,0,43.0248581821111,30.6403282715171,1.48413372227575,1.23810305083312,-0.892412821978345,-0.591461355592656,0.141647472841555,-0.0479986736899938,399.906931042015,74.9998285130802,1.29999299922396,1.3005266028694,1,1,1,1,1,1,validated,6,0.999999999995689,6,0.0233491,0,0,,1319.6324624989,424.90890791264,589,uniform_5x5,3,Twomey-Markowski,35,0.03,0.03,ds00023,0,0.0529697,0,0,0,1,0,0,0,0
1.25611482548732,175635.856318249,0.756358563182491,0,156.072004458445,41.2986424846293,2.68754119275062,1.90608855990165,-0.37571572697227,-0.174297197215979,1.06651005948184,0.466462793294598,250.001499639752,50.0163525488623,1.30052170828749,1.29978651256428,1,1,1,1,1,1,validated,7,0.999999999999919,7,0.0206582,0,0,,5.25554507268951,3.06469762097734,544,uniform_8x8,1,Twomey-Markowski,80,0.03,0.03,ds00005,0,0.0414364,0,0,0,0,0,0,0,0
1.32238869877224,172742.786451284,0.727427864512836,0,171.052302337815,42.9939166684871,2.83378259586594,1.86287891119983,-0.456975157708441,-0.283450026347758,1.17898022552812,0.432475440864205,314.999036905892,60.0012814868276,1.30050863365642,1.30046132593796,1,1,1,1,1,1,validated,15,0.999999999999851,15,0.0228281,0,0,,5.60117617632339,2.59459559372961,544,uniform_8x8,2,Twomey-Markowski,80,0.03,0.03,ds00014,0,0.0537463,0,0,0,0,0,0,0,0
1.11693960708448,172502.897470739,0.725028974707393,0,201.928246982523,49.3772666547243,2.82646291043069,1.9195784918124,-0.495061897386049,-0.341634939257057,1.17421394739661,0.476000942677495,399.906931042015,74.9998285130802,1.29999299922396,1.3005266028694,1,1,1,1,1,1,validated,10,0.999999999999946,10,0.0207101,0,0,,4.66189495822903,2.45044894502152,544,uniform_8x8,3,Twomey-Markowski,80,0.03,0.03,ds00023,0,0.0358566,0,0,0,0,0,0,0,0
0.92696342873357,143505.589088801,0.43505589088801,0,176.336683607937,41.6145418790708,2.20042679474445,1.72572346933082,-0.294657496606879,-0.167981274955696,0.691956989815985,0.327697627763684,250.001499639752,50.0163525488623,1.30052170828749,1.29978651256428,1,1,1,1,1,1,validated,13,0.999999999999912,13,0.0434942,0,0,,2.69785696312,1.27343427315412,456,uniform_12x12,1,Twomey-Markowski,168,0.03,0.03,ds00005,0,0.0617845,0,0,0,0,0,0,0,0
0.944704547669467,140374.081214269,0.403740812142691,0,207.81031249705,49.0358284263515,2.32465804791402,1.7881206890259,-0.340282705184477,-0.182753647734731,0.787499127459212,0.374989515921367,314.999036905892,60.0012814868276,1.30050863365642,1.30046132593796,1,1,1,1,1,1,validated,18,0.999999999999942,18,0.0489987,0,0,,2.52505743686507,1.21851838203658,456,uniform_12x12,2,Twomey-Markowski,168,0.03,0.03,ds00014,0,0.0685813,0,0,0,0,0,0,0,0
0.949586033275936,153714.978433145,0.537149784331451,0,226.918563812734,53.0503753759174,2.46875667881269,1.77751892404329,-0.432571565535349,-0.292660044327097,0.899053825894775,0.366768599828312,399.906931042015,74.9998285130802,1.29999299922396,1.3005266028694,1,1,1,1,1,1,validated,14,0.999999999999981,14,0.0622565,0,0,,3.33582351649633,1.81461693756919,456,uniform_12x12,3,Twomey-Markowski,168,0.03,0.03,ds00023,0,0.083311,0,0,0,0,0,0,0,0
0.858652841584138,135965.159864807,0.359651598648074,0,186.850458253997,40.9223312392163,2.10560691886654,1.63821425379726,-0.252602650291115,-0.181820961469788,0.619047883206173,0.260371790260627,250.001499639752,50.0163525488623,1.30052170828749,1.29978651256428,1,1,1,1,1,1,validated,14,0.999999999999981,14,0.1272057,0,0,,2.45247793266713,1.1028297542036,336,uniform_16x16,1,Twomey-Markowski,288,0.03,0.03,ds00005,0,0.15135,0,0,0,0,0,0,0,0
0.912213764765137,135649.27753731,0.356492775373098,0,219.100338803561,46.5229416809169,2.18665427320642,1.58311730524491,-0.304441242247296,-0.224634199002394,0.68138389597505,0.21735054604802,314.999036905892,60.0012814868276,1.30050863365642,1.30046132593796,1,1,1,1,1,1,validated,20,0.999999999999979,20,0.1433981,0,0,,2.58732088070694,1.0448661898538,336,uniform_16x16,2,Twomey-Markowski,288,0.03,0.03,ds00014,0,0.1737286,0,0,0,0,0,0,0,0
0.786816802659679,135584.084373379,0.355840843733792,0,259.109350832612,55.6613711562301,2.28497841173188,1.68079457674884,-0.352075868859122,-0.257846687655791,0.757685166840057,0.292395382793736,399.906931042015,74.9998285130802,1.29999299922396,1.3005266028694,1,1,1,1,1,1,validated,19,0.999999999999998,19,0.1282833,0,0,,2.81486578940594,1.22709993175484,336,uniform_16x16,3,Twomey-Markowski,288,0.03,0.03,ds00023,0,0.1551482,0,0,0,0,0,0,0,0
0.701560182937076,120139.506081062,0.201395060810623,0,215.663976373626,42.6179326546482,1.87228984306689,1.50364595800886,-0.137349269166808,-0.147920020497024,0.439645206332075,0.156840714589657,250.001499639752,50.0163525488623,1.30052170828749,1.29978651256428,1,1,1,1,1,1,validated,17,0.999999999999984,17,0.2276409,0,0,,NaN,NaN,0,uniform_24x24,1,Twomey-Markowski,624,0.03,0.03,ds00005,1,0.0046124,0,0,0,0,0,0,0,0
0.620515231431855,115168.554253435,0.15168554253435,0,280.497451434796,53.9957098028227,1.85871219423936,1.58053143887359,-0.109529177644451,-0.100090723651016,0.429219419338674,0.215362123693782,314.999036905892,60.0012814868276,1.30050863365642,1.30046132593796,1,1,1,1,1,1,validated,24,0.999999999999999,24,0.2739376,0,0,,NaN,NaN,0,uniform_24x24,2,Twomey-Markowski,624,0.03,0.03,ds00014,1,0.0009028,0,0,0,0,0,0,0,0
0.611597763594812,117684.257820028,0.176842578200283,0,339.717704465776,62.2756556532685,1.91010493609164,1.61122704275857,-0.150508085517316,-0.169656026048014,0.469319401898226,0.238903563528541,399.906931042015,74.9998285130802,1.29999299922396,1.3005266028694,1,1,1,1,1,1,validated,21,0.999999999999992,22,0.2468917,0,0,,NaN,NaN,0,uniform_24x24,3,Twomey-Markowski,624,0.03,0.03,ds00023,1,0.0008669,0,0,0,0,0,0,0,0
0.644307906540439,115743.987890503,0.157439878905029,0,225.500091422982,44.3004203272685,1.79869957055242,1.53674145650535,-0.0980050449780335,-0.114281268631289,0.383060012832022,0.182302971796193,250.001499639752,50.0163525488623,1.30052170828749,1.29978651256428,1,1,1,1,1,1,validated,19,0.999999999999994,21,0.7479045,0,0,,NaN,NaN,0,new_24x48,1,Twomey-Markowski,1224,0.03,0.03,new-acquisition,0,0.816278,0,0,0,0,0,0,0,0
0.595954313604788,114854.373048389,0.148543730483895,0,284.370215305501,54.0299066849387,1.82714945124377,1.575476762546,-0.0972346515762269,-0.0995207877885055,0.404949881883274,0.211475290439475,314.999036905892,60.0012814868276,1.30050863365642,1.30046132593796,1,1,1,1,1,1,validated,23,0.999999999999992,24,0.8763251,0,0,,NaN,NaN,0,new_24x48,2,Twomey-Markowski,1224,0.03,0.03,new-acquisition,0,0.9393582,0,0,0,0,0,0,0,0
0.615137188388916,115554.946317778,0.155549463177778,0,344.702724633149,63.2198794587376,1.94648167833652,1.61208422739013,-0.138042634732594,-0.157066346522221,0.497301662007776,0.239562669332045,399.906931042015,74.9998285130802,1.29999299922396,1.3005266028694,1,1,1,1,1,1,validated,22,0.999999999999989,22,0.8177868,0,0,,NaN,NaN,0,new_24x48,3,Twomey-Markowski,1224,0.03,0.03,new-acquisition,0,0.8789417,0,0,0,0,0,0,0,0
0.610262093055417,113895.101414792,0.138951014147917,0,229.433431460412,44.723940780209,1.76125012312388,1.50443281813672,-0.0822717792052379,-0.105813628922321,0.35426430170325,0.157446091026677,250.001499639752,50.0163525488623,1.30052170828749,1.29978651256428,1,1,1,1,1,1,validated,20,0.999999999999999,23,1.860955,0,0,,NaN,NaN,0,new_48x48,1,Twomey-Markowski,2400,0.03,0.03,new-acquisition,0,2.017364,0,0,0,0,0,0,0,0
0.608461990224451,113000.417411648,0.130004174116481,0,289.517233051904,53.6571814187371,1.80550519705493,1.54543688999583,-0.080894862740807,-0.105732742882888,0.388306967235345,0.188375893363208,314.999036905892,60.0012814868276,1.30050863365642,1.30046132593796,1,1,1,1,1,1,validated,22,0.999999999999996,22,1.5372299,0,0,,NaN,NaN,0,new_48x48,2,Twomey-Markowski,2400,0.03,0.03,new-acquisition,0,1.6601762,0,0,0,0,0,0,0,0
0.576694385103735,112463.133025755,0.124631330257549,0,363.656707725943,66.1708429340849,1.83255961059458,1.58191779426557,-0.0906466492631599,-0.117720076885983,0.40966883028488,0.216367116808928,399.906931042015,74.9998285130802,1.29999299922396,1.3005266028694,1,1,1,1,1,1,validated,23,0.999999999999996,24,1.5839722,0,0,,NaN,NaN,0,new_48x48,3,Twomey-Markowski,2400,0.03,0.03,new-acquisition,0,1.7129141,0,0,0,0,0,0,0,0
