CaseIndex,Dataset,Method,Points,Relative,AbsoluteFraction,RelativeL2,MaxAbsoluteMomentError,Validated,QualityTargetsPass,TargetPass,AssessmentIncluded,Status,TotalRelativeError,GMD_dm_RelativeError,GMD_dst_RelativeError,GSD_dm_RelativeError,GSD_dst_RelativeError
1,5,POCS-PSS,624,0.03,0.03,0.5553834959386752,0.38080118769071114,True,False,False,True,validated,0.021559872284953308,-0.018551975546465593,0.0028618741063977104,0.38080118769071114,0.2831649968007339
1,5,Twomey-Markowski,624,0.03,0.03,0.7015601829370756,0.4396452063320755,True,False,False,True,validated,0.20139506081062325,-0.1373492691668079,-0.14792002049702446,0.4396452063320755,0.15684071458965732
1,5,Tikhonov,624,0.03,0.03,0.43359546274256267,0.2895467976885142,True,False,False,True,validated,0.1110097455910599,-0.07698532321566309,-0.07279793627160502,0.2895467976885142,0.12054932096651605
1,5,Tikhonov-lsqlin,624,0.03,0.03,0.43359546281451594,0.28954679766004077,True,False,False,True,validated,0.11100974562831747,-0.0769853232278691,-0.07279793629539189,0.28954679766004077,0.12054932099101223
1,5,Lognormal-fit,624,0.03,0.03,0.05891329634760172,0.009669380154009977,True,True,True,False,validated,-0.0026218237330304693,0.0026728495903169947,0.0017975723762224671,0.009669380154009977,0.005426846873034741
1,5,TGV2-PDHG,624,0.03,0.03,0.46650359372387185,0.270507949683898,False,False,False,True,iteration/stationarity not certified,0.1228873889525827,-0.0701068515689558,-0.08384299673422324,0.270507949683898,0.11136138918251226
1,5,TV-2D,624,0.03,0.03,0.5003956692177723,0.3766422559600211,False,False,False,True,iteration/stationarity not certified,0.12706868674015917,-0.1345085801232413,-0.11114209210252113,0.3766422559600211,0.1833080218865335
1,5,Maximum Entropy,624,0.03,0.03,0.43834972593517135,0.433081414935941,True,False,False,True,validated,0.09699781467449575,-0.04591263966607695,-0.0068010004126860535,0.433081414935941,0.3464414873408661
1,5,Bayesian GP-MAP,624,0.03,0.03,0.23191467328612533,0.19164509487627868,True,False,False,True,validated,0.044335409014896576,-0.033959134450738615,0.0013007916047569346,0.19164509487627868,0.1468925740286149
1,5,Huber-TV,624,0.03,0.03,0.3910903786015935,0.2324228179429273,False,False,False,True,parameter selection not bracketed,0.05529285209103371,-0.044718428715715075,-0.04140730807732207,0.2324228179429273,0.20367261598998598
1,5,POCS-CDMA,624,0.03,0.03,0.7500129436393969,0.7832872634021295,True,False,False,True,validated,0.09986529108169372,-0.015686952972761015,0.20969050830869707,0.7832872634021295,0.6486610681874307
2,14,POCS-PSS,624,0.03,0.03,0.5182869886878302,0.34134526826187983,True,False,False,True,validated,0.06417612804498436,-0.03786528977513837,-0.026457838691564373,0.34134526826187983,0.2409825984678713
2,14,Twomey-Markowski,624,0.03,0.03,0.6205152314318554,0.4292194193386736,True,False,False,True,validated,0.15168554253434965,-0.10952917764445058,-0.10009072365101601,0.4292194193386736,0.21536212369378216
2,14,Tikhonov,624,0.03,0.03,0.3740845112532075,0.21286978190861516,True,False,False,True,validated,0.06679379379014455,-0.023920622601002806,-0.010646975304679174,0.21286978190861516,0.15307978348954454
2,14,Tikhonov-lsqlin,624,0.03,0.03,0.3740846761595541,0.21287052730954814,True,False,False,True,validated,0.06679390537906817,-0.023920226627118013,-0.010646874139608076,0.21287052730954814,0.153079305407692
2,14,Lognormal-fit,624,0.03,0.03,0.03341843543560883,0.005560326304640872,True,True,True,False,validated,-0.0024252062684344128,-0.0020428693687636335,0.0008460151862679233,0.005560326304640872,0.001314794709299072
2,14,TGV2-PDHG,624,0.03,0.03,0.4261927160434983,0.20344712022773725,False,False,False,True,iteration/stationarity not certified,0.07934658708336442,-0.018741136533851344,-0.026063436500064152,0.20344712022773725,0.14318662464389575
2,14,TV-2D,624,0.03,0.03,0.3903073656233043,0.2967128158125769,False,False,False,True,iteration/stationarity not certified,0.06371939804595764,-0.06579584339426903,-0.04017546446732101,0.2967128158125769,0.18502105401810742
2,14,Maximum Entropy,624,0.03,0.03,0.385557813367257,0.4109296445587305,True,False,False,True,validated,0.12089821274782822,-0.08889058365211788,-0.046407912653586125,0.4109296445587305,0.30322503439646287
2,14,Bayesian GP-MAP,624,0.03,0.03,0.2052375272294894,0.15529113510571313,True,False,False,True,validated,0.03487433282722457,-0.015334931579992439,0.03238964958953505,0.15529113510571313,0.1473168092428423
2,14,Huber-TV,624,0.03,0.03,0.284744384772275,0.1819959645076854,False,False,False,True,parameter selection not bracketed,0.02432406214863382,0.003620120503500468,0.02715651306964495,0.1338347139356082,0.1819959645076854
2,14,POCS-CDMA,624,0.03,0.03,0.7439890069343055,0.7866482276313027,True,False,False,True,validated,0.10084271051583739,-0.13014260175623815,0.03329306576616786,0.7866482276313027,0.47067895695461415
3,23,POCS-PSS,624,0.03,0.03,0.5560680369057924,0.39135284666977177,True,False,False,True,validated,0.09703430385750733,-0.11262084543096718,-0.10463941410913002,0.39135284666977177,0.21107870857295286
3,23,Twomey-Markowski,624,0.03,0.03,0.6115977635948122,0.4693194018982261,True,False,False,True,validated,0.1768425782002826,-0.15050808551731598,-0.16965602604801433,0.4693194018982261,0.23890356352854059
3,23,Tikhonov,624,0.03,0.03,0.4256816796356567,0.23988336496910478,True,False,False,True,validated,0.06051606140055679,-0.04271235753353131,-0.03573371038511408,0.23988336496910478,0.15558246425053368
3,23,Tikhonov-lsqlin,624,0.03,0.03,0.4256816796863675,0.23988336480633277,True,False,False,True,validated,0.06051606145523867,-0.04271235755825298,-0.035733710497033,0.23988336480633277,0.155582464252358
3,23,Lognormal-fit,624,0.03,0.03,0.12180412779540346,0.0163640938195585,True,True,True,False,validated,-0.004657997864984209,-0.007744489358826101,0.0030358317454513006,-0.0163640938195585,-0.0071127215430805135
3,23,TGV2-PDHG,624,0.03,0.03,0.49027403542523335,0.21946182074415543,False,False,False,True,iteration/stationarity not certified,0.06966342030457992,-0.022545829952598573,-0.045763218366635106,0.21946182074415543,0.15866187282525424
3,23,TV-2D,624,0.03,0.03,0.4825257014817945,0.2775602698200923,False,False,False,True,iteration/stationarity not certified,0.06869284381836566,-0.041193670036192453,-0.05888818248487371,0.2775602698200923,0.17561635675011145
3,23,Maximum Entropy,624,0.03,0.03,0.4015905156985915,0.4815000002384304,True,False,False,True,validated,0.17447169656666606,-0.16747568987605732,-0.13554112668820173,0.4815000002384304,0.30856664908143316
3,23,Bayesian GP-MAP,624,0.03,0.03,0.210285189493646,0.17446605217807964,True,False,False,True,validated,0.05592958822310262,-0.054078547511083985,-0.03414467730375004,0.17446605217807964,0.1507802089783763
3,23,Huber-TV,624,0.03,0.03,0.5066044832764391,0.3071143859165797,False,False,False,True,parameter selection not bracketed,0.08787971910178545,-0.04476837433974146,-0.08331976971306043,0.3071143859165797,0.2022440281970732
3,23,POCS-CDMA,624,0.03,0.03,0.748017880927164,0.8084175484028837,True,False,False,True,validated,0.1441577219134994,-0.2538488519191505,-0.07211696485379893,0.8084175484028837,0.4655015844147534
