Design,Method,Relative,AbsoluteFraction,Points,AvailableCases,ExpectedCases,ValidatedCases,TargetPassingCases,MinL2,MaxL2,MaxMomentError,AllThreePass
uniform_24x24,Bayesian GP-MAP,0.03,0.03,624,3,3,3,0,0.205237527229489,0.231914673286125,0.191645094876279,False
voltage_only,Bayesian GP-MAP,0.03,0.03,24,3,3,1,0,0.78573761268069,0.835215275467595,0.799747832444123,False
uniform_5x5,Bayesian GP-MAP,0.03,0.03,35,3,3,0,0,0.471532702219892,0.673497894022676,0.618125076578006,False
uniform_8x8,Bayesian GP-MAP,0.03,0.03,80,3,3,1,0,0.315794562004705,0.503228687341968,0.368804432440685,False
uniform_12x12,Bayesian GP-MAP,0.03,0.03,168,3,3,0,0,0.274355982502246,0.315498697217418,0.281562254576169,False
qr168,Bayesian GP-MAP,0.03,0.03,168,3,3,1,0,0.266999365306861,0.30364829605474,0.29175445998427,False
uniform_12x24,Bayesian GP-MAP,0.03,0.03,324,3,3,1,0,0.241143967104364,0.254692970500326,0.223954462540446,False
new_24x48,Bayesian GP-MAP,0.03,0.03,1224,3,3,1,0,0.138329027170265,0.174005298182817,0.172063962712935,False
new_48x48,Bayesian GP-MAP,0.03,0.03,2400,3,3,2,0,0.149615742285779,0.167787144657998,0.165384884795019,False
uniform_16x16,Bayesian GP-MAP,0.03,0.03,288,3,3,1,0,0.19468646981926,0.275529923417735,0.207362510997907,False
uniform_24x12,Bayesian GP-MAP,0.03,0.03,324,3,3,2,0,0.22210656415008,0.262799703498097,0.230239640536936,False
uniform_24x24,Tikhonov,0.03,0.03,624,3,3,3,0,0.374084511253208,0.433595462742563,0.289546797688514,False
uniform_5x5,Twomey-Markowski,0.03,0.03,35,3,3,3,0,1164.72402135218,3900.92842277767,159.079399747845,False
uniform_8x8,Twomey-Markowski,0.03,0.03,80,3,3,3,0,1.11693960708448,1.32238869877224,1.17898022552812,False
uniform_12x12,Twomey-Markowski,0.03,0.03,168,3,3,3,0,0.92696342873357,0.949586033275936,0.899053825894775,False
uniform_16x16,Twomey-Markowski,0.03,0.03,288,3,3,3,0,0.786816802659679,0.912213764765137,0.757685166840057,False
uniform_24x24,Twomey-Markowski,0.03,0.03,624,3,3,3,0,0.611597763594812,0.701560182937076,0.469319401898226,False
new_24x48,Twomey-Markowski,0.03,0.03,1224,3,3,3,0,0.595954313604788,0.644307906540439,0.497301662007776,False
new_48x48,Twomey-Markowski,0.03,0.03,2400,3,3,3,0,0.576694385103735,0.610262093055417,0.40966883028488,False
