name,points,positiveVoltageLevels,positiveRotationLevels,rankNumerical,rankRelative1e3,rankRelative1e6,zeroRows,zeroAllowedBins,coverageHalfFull,singularMax,singularMinNonzero,conditionNonzero,rowCorrelationMax
uniform_5x5,35,5,5,32,29,31,3,2,0.3571185864763846,21.88456315221012,5.886836177789148e-06,3717542.4100945606,0.9999573238993709
uniform_8x8,80,8,8,77,71,76,3,0,0.5528372409106354,26.58610802157689,5.851679956323724e-06,4543329.132832381,0.9999619603762018
uniform_12x12,168,12,12,165,148,163,3,0,0.7414203194019707,33.63551495381069,2.3220702250538836e-06,14485141.142977353,0.9999644324732786
uniform_16x16,288,16,16,285,251,283,3,0,0.8409785932721713,43.112927445306,2.034452744409154e-06,21191412.562313832,0.9999644324732786
uniform_24x24,624,24,24,621,508,615,3,0,1.0,60.231217136176475,8.844919622133902e-07,68096963.80445485,0.9999962319973081
uniform_24x12,324,24,12,321,278,318,3,0,0.7509344206591912,45.72659051342718,1.4291404135024582e-06,31995869.741982166,0.9999924716038859
uniform_12x24,324,12,24,321,280,319,3,0,0.9943934760448522,43.88953315612651,2.1149872051604472e-06,20751677.858399604,0.9999854051677897
voltage_only,24,24,0,23,21,23,1,0,0.21219843696907917,5.306000223693817,7.115389834806694e-05,74570.75925395121,0.9743348174233498
rotation_only,24,0,24,23,23,23,1,1383,0.7505946313285763,16.093280760112275,1.1904977080102312,13.518111502297801,0.29207099836572903
qr168,168,18,24,168,168,168,0,0,0.9994903160040775,41.04402873994243,0.7935387984079747,51.72277502030953,0.9694146209999451
